Unnamed: 0,question,answer,파일명,result,source
1,자산운용 관련 제도 정비를 통해 보험금청구권 신탁이 허용되는게 언제부터였지?,유가족 재산관리가 용이하도록 해 주는 보험금청구권 신탁 허용은 11.12.부터 시작됩니다,241111(보도자료) 유가족 재산관리가 용이하도록 보험금청구권 신탁이 허용됩니다.hwp,보험금청구권 신탁이 허용되는 것은 2024년 11월 12일부터입니다.,"241111(보도자료) 유가족 재산관리가 용이하도록 보험금청구권 신탁이 허용됩니다., 240717(보도자료) 내일(7.19일)부터 가상자산이용자보호법이 시행됩니다., 241111(보도자료) 유가족 재산관리가 용이하도록 보험금청구권 신탁이 허용됩니다., 241002 자본건전성이 충분한 보험회사의 배당가능이익이 종전(IFRS4) 수준으로 확대, 240813 퇴직연금 사전지정운용제도 시행 1주년"
2,금감원 지자체 금융권이 공동으로 참여한 설명회는 어느 나라에서 진행되었지?,금감원 지자체 금융권이 공동으로 참여한 투자설명회는 홍콩에서 개최되었습니다.,241111 금융권 공동 해외 IR 참석 및 동아시아 3개국 금융감독기구 최고위급 면담.pdf,금감원 지자체 금융권이 공동으로 참여한 설명회는 홍콩에서 진행되었다.,"241111 금융권 공동 해외 IR 참석 및 동아시아 3개국 금융감독기구 최고위급 면담, 241111 금융권 공동 해외 IR 참석 및 동아시아 3개국 금융감독기구 최고위급 면담, 240715 (모두발언) 신응석 서울남부지방검찰청 검사장 모두발언, 240715 (모두발언) 이복현 금융감독원장 모두발언, (모두발언)_여신거래 안심차단시스템 간담회_금융감독원장_FN(3)"
3,미 대선 및 FOMC 결과에 대응하기 위한 회의가 있었는데?,금융감독원은 美 대선 및 FOMC 결과와 관련하여 11.8일(금) 오전 이복현 원장 주재로 금융상황 점검회의를 개최하였습니다.,241111 (보도참고) 배포시_금감원 금융상황 점검회의 개최.pdf,미국 연방공개시장위원회(FOMC)의 금리동결 결정에 따른 대응을 논의하기 위해 거시경제금융회의가 개최되었다.,"240801(보도자료) 금융시장 안정을 위해 관계기관 공조 강화, 240801(보도자료) 금융시장 안정을 위해 관계기관 공조 강화, 240919 美 통화정책 전환에 대응해 긴밀한 관계기관 공조 하에 리스크 관리 철저, 240919 美 통화정책 전환에 대응해 긴밀한 관계기관 공조 하에 리스크 관리 철저, 240801(보도자료) 금융시장 안정을 위해 관계기관 공조 강화"
4,25사업연도부터 달라지는 통제활동 공시에는 뭐가 있을까?,25사업연도부터 상장회사와 대형 비상장회사는 내부회계관리제도 운영실태보고서에 횡령 등 자금 부정을 예방 적발하기 위한 통제활동을 기재하여야 합니다.,241111 (보도자료) 석간_횡령 등 자금 부정을 예방적발하기 위한 통제활동.pdf,"25사업연도부터 상장회사와 대형 비상장회사는 '횡령 등 자금 부정을 예방·적발하기 위한 통제 활동'을 내부회계관리제도 운영실태보고서에 기재해야 하며, 이는 24사업연도에는 선택 적용이 가능합니다.","241111 (보도자료) 석간_횡령 등 자금 부정을 예방적발하기 위한 통제활동, 240905 대부업자의 부당 추심행위를 방지하고 대부이용자 권익을 제고하겠습니다., 241111 (보도자료) 석간_횡령 등 자금 부정을 예방적발하기 위한 통제활동, 241111 (보도자료) 석간_횡령 등 자금 부정을 예방적발하기 위한 통제활동, 241106 대부업계 「개인채무자보호법」 준비실태 사전 현장점검 결과"
5,IFRS17 관련 보험개혁회의에서 IFRS17 도입 관련 문제점으로 지적된 평가내용이 있었나?,회의 참석자들은 IFRS17 도입으로 금리변동에 따른 보험부채 영향이 커진 가운데 지난 2년간 변동성 확대가 경영상 어려움으로 작용하였다고 평가하였습니다.,241111 (보도자료) 1500_ 「금리 하락기 IFRS17 안정화 및 리스크관리」 간담회 개최.pdf,IFRS17 도입 관련 문제점으로는 계리가정의 편차로 인한 '고무줄 회계이익' 논란과 낙관적인 가정으로 인한 보험계약마진의 과대계상이 지적되었다.,"241106[별첨2] IFRS17 주요 계리가정 가이드라인, 241101[별첨] IFRS17 안착을 위한 보험건전성 감독 강화방안, 241106(보도자료) 합리적인 계리가정과 단계적 할인율 조정, 241101(보도자료) IFRS17 안착을 위해 보험건전성 감독을 강화합니다, 241002 자본건전성이 충분한 보험회사의 배당가능이익이 종전(IFRS4) 수준으로 확대"
6,11월 11일 여의도 오투타워에서 있었던 간담회 주제가 뭐였지?,"11월 11일 여의도 오투타워(서울핀테크랩)에서 개최된 간담회는 ’24년 제11회 「찾아가는 금융규제 샌드박스」 간담회이며, 금융위원회와 금융감독원, 한국핀테크지원센터가 블록체인 관련 기업들을 대상으로 개최하였습니다.",241111 (보도자료) 24년 제11회 찾아가는 금융규제 샌드박스 간담회.hwp,11월 11일 여의도 오투타워에서 열린 간담회의 주제는 블록체인 기업을 대상으로 한 '찾아가는 금융규제 샌드박스'였습니다.,"241111 (보도자료) 24년 제11회 찾아가는 금융규제 샌드박스 간담회, 241105(보도자료) H지수 기초 ELS 대책 마련을 위한 공개세미나 개최, 240925(보도자료) 「신뢰회복」과 「혁신」을 위한 3차 「보험개혁회의」 개최, 240919[별첨] 금융위원회 부위원장 모두발언, 240807 김병환 금융위원장, 현장 밀착형 지원책 마련"
7,24.10월중 전금융권 가계대출 증가액이 얼마였지?,24.10월중 全금융권 가계대출은 총 +6.6조원 증가하여 전월(+5.3조원) 대비 증가폭이 확대되었습니다.,241111 (보도자료) 10월 가계대출 동향(잠정) 및 가계부채 점검회의 개최.hwp,2024년 10월 중 전 금융권 가계대출은 +6.6조원 증가하였다.,"241111 (보도자료) 10월 가계대출 동향(잠정) 및 가계부채 점검회의 개최, 241011 조간 (보도자료) 2024년 9월중 가계대출 동향(잠정), 240812 (보도자료) 2024년 7월중 가계대출 동향(잠정), 240911(보도자료) 2024년 8월중 가계대출 동향(잠정), 240911(보도자료) 2024년 8월중 가계대출 동향(잠정)"
8,24.10월 기준 외국인이 보유한 상장주식과 상장채권은 총 얼마였지?,"’24.10월말 현재 외국인은 상장주식 728.9조원(시가총액의 27.7%), 상장채권 268.9조원(상장잔액의 10.5%) 등 총 997.8조원의 상장증권을 보유하고 있습니다.",241108 (보도자료) 석간_2024년 10월 외국인 증권투자 동향(수정).hwp,2024년 10월 기준 외국인이 보유한 상장주식과 상장채권은 총 997.8조원이었습니다.,"240812 (보도자료) 석간_2024년 7월 외국인 증권투자 동향_, 241108 (보도자료) 석간_2024년 10월 외국인 증권투자 동향(수정), 240913 (보도자료) 석간_2024년 8월 외국인 증권투자 동향, 241011 석간 (보도자료) 2024년 9월 외국인 증권투자 동향, 241108 (보도자료) 석간_2024년 10월 외국인 증권투자 동향(수정)"
9,금융감독원장이 중소기업과 소통하기 위해 24.11월에 개최한 회의는 어디에서 진행되었지?,"’24.11.7.(목) 금융감독원 이복현 원장이 김기문 중소기업중앙회장, 금융권 및 중소기업 관계자와 함께 진행한 현장 간담회는 중소기업중앙회에서 개최되었습니다.","241107 금융감독원장, 중소기업과 소통 및 협력 강화를 위한 간담회 실시.hwp",금융감독원장이 중소기업과 소통하기 위해 2024년 11월 7일 중소기업중앙회 리더스룸(5층)에서 간담회를 개최하였습니다.,"241111 금융권 공동 해외 IR 참석 및 동아시아 3개국 금융감독기구 최고위급 면담, 241107 (별첨) 금융감독원장 모두발언, 241107 금융감독원장, 중소기업과 소통 및 협력 강화를 위한 간담회 실시, (모두발언)_여신거래 안심차단시스템 간담회_금융감독원장_FN(3), 241111 금융권 공동 해외 IR 참석 및 동아시아 3개국 금융감독기구 최고위급 면담"
10,"금융꿀팁 156번째가 퇴직연금 관련이었는데, 무슨 내용이었지?","156번째 금융꿀팁은 퇴직연금 실물이전 서비스 신청과 관련한 내용으로, 가입자 유의사항에 대해 알기 쉽게 안내하였습니다.",241107 (보도참고) [금융꿀팁 156] 퇴직연금 실물이전 신청시 유의사항 안내.pdf,금융꿀팁 156번째는 퇴직연금 실물이전 신청 시 가입자가 유의해야 할 사항에 대해 안내하는 내용입니다.,"240813 퇴직연금 사전지정운용제도 시행 1주년, 240722 세금걱정 없다는 미등록PG 절세단말기... 알고 보니 탈세단말기, 241107 (보도참고) [금융꿀팁 156] 퇴직연금 실물이전 신청시 유의사항 안내, 240812 (보도자료) 조간_은행 대출취급 적정성 관련 수시검사결과(잠정), 240830 (보도자료) 1500_수도방위사령부 장병들에 대한 금융교육을 적극 지원하겠습니다"
11,24.6월말 기준 금융복합기업집단의 자본적정성 비율이 어느정도였지?,"’24.6월말 금융복합기업집단의 자본적정성 비율은 184.3%로 전년말(193.7%)
대비 9.4%p 하락하였습니다.",241107 (보도자료) 석간_24.6월말 금융복합기업집단 자본적정성 비율.pdf,"2024년 6월말 기준 금융복합기업집단의 자본적정성 비율은 184.3%로, 전년말 대비 9.4%p 하락했습니다.","241107 (보도자료) 석간_24.6월말 금융복합기업집단 자본적정성 비율, 241107 (보도자료) 석간_24.6월말 금융복합기업집단 자본적정성 비율, 241107 (보도자료) 석간_24.6월말 금융복합기업집단 자본적정성 비율, 241004_석간_(보도자료) 2024년 상반기 금융지주회사 경영실적[잠정,연결기준], [별첨] 부동산PF에 대한 금융회사의 사업성 평가 결과 및 향후 계획"
12,카카오모빌리티가 증선위에서 왜 조치를 받은거였지?,"증선위는 재무제표의 영업수익과 영업비용을 과대계상한 ㈜카카오모빌리티(이하 ‘회사’)에 대해, “직무상 주의의무를 현저히 결한 중대한 회계처리기준 위반”이 있다고 보아 중징계를 결정하였습니다.","241106(보도참고) 증선위, ㈜카카오모빌리티 회계처리기준 위반에 대하여 중징계 조치.hwp",카카오모빌리티는 영업수익과 영업비용을 과대계상한 중대한 회계처리기준 위반으로 인해 증선위에서 중징계 조치를 받았다.,"241106(보도참고) 증선위, ㈜카카오모빌리티 회계처리기준 위반에 대하여 중징계 조치, 241106(보도참고) 증선위, ㈜카카오모빌리티 회계처리기준 위반에 대하여 중징계 조치, 241106(보도참고) 증선위, ㈜카카오모빌리티 회계처리기준 위반에 대하여 중징계 조치, 240820(보도자료) 적격비용 제도개선 TF회의 개최, 241106(보도참고) 증선위, ㈜카카오모빌리티 회계처리기준 위반에 대하여 중징계 조치"
13,위메프 티몬 사태 관련 관계부처 TF 3차 회의는 언제 어디서 진행됐었지?,위메프 티몬 사태 관련 관계부처 TF 3차 회의는 24.8.23.(금) 정부서울청사에서 진행되었습니다.,"위메프 티몬 사태 미정산 피해 현황점검, e커머스 제도개선 방안 조만간 마련.pdf",위메프·티몬 사태 관련 관계부처 TF 3차 회의는 2024년 8월 23일 금요일 15:40에 정부서울청사에서 진행되었다.,"위메프 티몬 사태 미정산 피해 현황점검, e커머스 제도개선 방안 조만간 마련, (금감원) 240730 (보도자료) 위메프 티몬 사태 피해 중소기업 소상공인 대상 유동성 지원, 위메프 티몬 사태 미정산 피해 현황점검, e커머스 제도개선 방안 조만간 마련, (금감원) 240730 [별첨1] 위메프 티몬 사태 대응방안, 240807 (경장) 위메프 티몬 사태 추가 대응방안 및 제도개선방향"
14,"보험부채 할인율 현실화 방안 문서에서, 보험 할인율은 어떻게 계산하고 있지?",할인율은 실무적으로 국고채 수익률을 토대로 산출한 무위험 금리기간구조에 유동성프리미엄을 가산하여 산출합니다.,241106[별첨1] 보험부채 할인율 현실화 연착륙 방안.pdf,"보험부채 할인율은 매년 금융감독원이 개최하는 할인율 운영 자문위원회를 통해 회사별 경제적 가정을 바탕으로 설정되며, 최근에는 할인율 단계적 현실화 방안에 따라 조정되고 있다.","241106[별첨1] 보험부채 할인율 현실화 연착륙 방안, 241106[별첨2] IFRS17 주요 계리가정 가이드라인, 241106[별첨2] IFRS17 주요 계리가정 가이드라인, 241106(보도자료) 합리적인 계리가정과 단계적 할인율 조정, 241002 [별첨1] 보험산업 건전경쟁 확립방안"
15,"대부업계 개인채무자보호법 준비실태 사전 현장점검 결과에 따르면, 개인채무자보호법은 언제 시행되지?",개인채무자보호법은 24.10.17. 시행됩니다.,241106 대부업계 「개인채무자보호법」 준비실태 사전 현장점검 결과.pdf,개인채무자보호법은 2024년 10월 17일에 시행됩니다.,"241007 개인채무자보호법 시행 준비상황 및 향후 추진계획 점검회의 개최, 240905 대부업자의 부당 추심행위를 방지하고 대부이용자 권익을 제고하겠습니다., 241106 대부업계 「개인채무자보호법」 준비실태 사전 현장점검 결과, 241007 [별첨] 「개인채무자보호법」시행 점검회의 모두발언, 241007 [별첨] 「개인채무자보호법」시행 점검회의 모두발언"
16,카드사 유료 부가상품 관련 원스톱 서비스가 뭐지?,카드사 원스톱 서비스란 모바일 앱에서 유료 부가상품 가입 내역을 통합 조회하고 간편하게 해지할 수 있는 서비스를 말합니다.,241106 내가 가입한 카드사 유료 부가상품 이제 모바일에서 쉽고 편리하게 관리하세요!.pdf,카드사 유료 부가상품 관련 원스톱 서비스는 모바일 앱에서 유료 부가상품 가입 내역을 통합 조회하고 간편하게 해지할 수 있는 서비스입니다.,"241106 내가 가입한 카드사 유료 부가상품 이제 모바일에서 쉽고 편리하게 관리하세요!, 241106 내가 가입한 카드사 유료 부가상품 이제 모바일에서 쉽고 편리하게 관리하세요!, 240802 주요 민원사례로 알아보는 소비자 유의사항 - 신용카드 이용 관련 유의사항 - , 241106 내가 가입한 카드사 유료 부가상품 이제 모바일에서 쉽고 편리하게 관리하세요!, 241106 내가 가입한 카드사 유료 부가상품 이제 모바일에서 쉽고 편리하게 관리하세요!"
17,"24년 11월에 있었던 옴부즈만 위촉 관련, 이번 옴부즈만은 몇기야?",금융감독원은 24.11.4. 외부전문가 5명을 제7기 옴부즈만으로 위촉하였습니다.,241106 (보도참고) 배포시_금융감독원은 제7기 옴부즈만을 신규로 위촉하였습니다.pdf,"이번 옴부즈만은 2024년으로, 첫 번째 기입니다.","240910_금융감독원,「2024년 반부패 청렴 워크숍」개최, 240910_금융감독원,「2024년 반부패 청렴 워크숍」개최, 240926 24년 2분기 주요 민원 분쟁사례 및 분쟁판단기준 공개, 240910 (보도자료) 이복현 금융감독원장, 은행장 간담회 개최, 240821 최근 가계부채 증가세에 대응하여 DSR 중심의 일관된 가계부채 관리기조 확립"
18,보험사기로 인해 형사처벌을 받는 경우 형량이 어느정도인지?,보험사기방지특별법상 10년 이하의 징역 또는 5천만원 이하의 벌금을 받게 됩니다.,241104 금융감독원과 부산남부경찰서가 공조 보험사기 적발.pdf,보험사기로 인해 형사처벌을 받는 경우 형량은 보험사기방지특별법에 따라 10년 이하의 징역 또는 5천만원 이하의 벌금입니다.,"241029 금융감독원 서울경찰청 공조 보험사기 적발, 240828 주요 분쟁사례로 알아보는 소비자 유의사항(교통사고처리지원금 특약 관련), 240828 주요 분쟁사례로 알아보는 소비자 유의사항(교통사고처리지원금 특약 관련), 241104 금융감독원과 부산남부경찰서가 공조 보험사기 적발, 240930[금융꿀팁] 보험 가입 후 알릴의무(통지의무) 관련 유익정보 및 유의사항 안내"
19,경영인정기보험은 누구를 대상으로 가입하는 보험인가?,경영인정기보험은 중소기업이 경영진의 유고 등에 대비하기 위해 대표이사 등을 피보험자로 하여 가입하는 보장성 보험입니다.,241101 경영인정기보험 관련 불건전 영업행위를 지속 점검하겠습니다.pdf,경영인정기보험은 중소기업이 경영진의 유고 등에 대비하기 위해 대표이사(CEO) 등을 피보험자로 하여 가입하는 보장성 보험입니다.,"241101 경영인정기보험 관련 불건전 영업행위를 지속 점검하겠습니다, 240717 (보도자료) 조간_GA 영업질서 확립을 위한 주요 위법행위 및 제재사례 안내, 241101 경영인정기보험 관련 불건전 영업행위를 지속 점검하겠습니다, 241101 경영인정기보험 관련 불건전 영업행위를 지속 점검하겠습니다, 241101 경영인정기보험 관련 불건전 영업행위를 지속 점검하겠습니다"
20,24년도 3분기 등록 ABS 발행실적이 얼마인지?,24년 3분기 등록 ABS 발행금액은 10.7조원입니다.,241030 (보도자료) 석간_24년 3분기 등록 ABS 발행 실적.pdf,2024년 3분기 등록 ABS 발행금액은 10.7조원이다.,"241030 (보도자료) 석간_24년 3분기 등록 ABS 발행 실적, 240730 (보도자료) 조간 - ’24년 상반기 등록 ABS 발행 실적, 241030 (보도자료) 석간_24년 3분기 등록 ABS 발행 실적, 241030 (보도자료) 석간_24년 3분기 등록 ABS 발행 실적, 240730 (보도자료) 조간 - ’24년 상반기 등록 ABS 발행 실적"
21,중앙은행 디지털화폐(CBDC)가 무엇인지?,"Central Bank Digital Currency의 약자로, 중앙은행이 발행하는 디지털 형태의 새로운 화폐를 의미합니다.",241030중앙은행 디지털 화폐(CBDC) 등 혁신금융서비스 9건 지정.pdf,"중앙은행 디지털화폐(CBDC)는 중앙은행이 발행하는 디지털 형태의 새로운 화폐로, 금융기관 간 자금 거래 및 최종 결제 등에 활용되는 디지털 통화입니다.","241030중앙은행 디지털 화폐(CBDC) 등 혁신금융서비스 9건 지정, 241030중앙은행 디지털 화폐(CBDC) 등 혁신금융서비스 9건 지정, 241030중앙은행 디지털 화폐(CBDC) 등 혁신금융서비스 9건 지정, 241030중앙은행 디지털 화폐(CBDC) 등 혁신금융서비스 9건 지정, 241030중앙은행 디지털 화폐(CBDC) 등 혁신금융서비스 9건 지정"
22,"창구 방문, 복잡한 서류가 필요없는 실손보험 청구 간소화는 언제부터 시행되었지?",24.10.25. 부터 실손보험 청구 전산화가 순차적으로 시행됩니다.,241024 24.10.25일부터 창구 방문 없는실손보험 청구 전산화 순차 시행.pdf,실손보험 청구 전산화는 2024년 10월 25일부터 시행됩니다.,"241024 24.10.25일부터 창구 방문 없는실손보험 청구 전산화 순차 시행, 241024 24.10.25일부터 창구 방문 없는실손보험 청구 전산화 순차 시행, 241024 24.10.25일부터 창구 방문 없는실손보험 청구 전산화 순차 시행, (별첨1)보험개혁회의 운영방향, 241104 금융감독원과 부산남부경찰서가 공조 보험사기 적발"
23,가상자산 불공정거래(시세조종) 사건은 어떻게 이루어졌는지?,"혐의자가 해외 가상자산 발행재단으로부터 전송받은 코인을 국내 가상자산거래소에서 높은 가격에 매도할 목적으로, ①대량 고가 매수주문을 제출한 후 ②API를 통해 허수 매수주문을 지속ㆍ반복 제출하며 시세와 거래량을 인위적으로 변동시켜 일반 이용자가 해당 코인에 대량의 매수세가 유입된 것으로 오인하도록 하는 전형적인 시세조종 방식으로 이루어졌습니다.","241101(보도참고) 금융당국, 가상자산 불공정거래 척결에 나서겠습니다..pdf","가상자산 불공정거래(시세조종) 사건은 가상자산거래소가 이상거래를 상시 감시하고, 불공정 거래가 의심되는 경우 금융당국에 통보하여 조사 및 수사를 진행하는 방식으로 이루어진다.","241101(보도참고) 금융당국, 가상자산 불공정거래 척결에 나서겠습니다., 240717(보도자료) 내일(7.19일)부터 가상자산이용자보호법이 시행됩니다., 240822 가상자산사업자의 이상거래 상시감시업무에 대한 현장점검 실시, 240923 24년 제2차 「불공정거래 조사심리기관 협의회」 개최, 240822 가상자산사업자의 이상거래 상시감시업무에 대한 현장점검 실시"
24,사이버위협 대응을 위한 제2금융권 모의해킹은 누가 진행하는지?,금융감독원은 금융보안원과 함께 화이트해커를 통한 제2금융권 블라인드 사이버 모의해킹 훈련을 진행하였습니다.,241023 사이버위협 대응을 위해 화이트해커를 통한 제2금융권 모의해킹 훈련실시.pdf,사이버위협 대응을 위한 제2금융권 모의해킹에 대한 정보는 제공된 구문에서 확인할 수 없습니다.,"240801 (붙임1) 티메프 피해기업 지원방안, 240806 (보도자료) 조간_위메프-티몬 정산지연 피해판매자 지원방안 시행, (금감원) 240729 티몬 위메프 판매대금 정산지연 피해업체 등에 대한 금융지원 방안, 240807 (경장) 위메프 티몬 사태 추가 대응방안 및 제도개선방향, 240822 (보도자료) 배포시_보이스피싱 피해예방을 위해 꼭 알아두세요!!!"
25,금융감독원이 청년 무료 재무상담 서비스를 제공하는 목적은?,청년들의 장기 재무목표 달성 및 올바른 금융태도 형성 지원을 위해서입니다.,241021 청년들에게 맞춤형 재무상담을 제공해 드립니다.pdf,"금융감독원이 청년 무료 재무상담 서비스를 제공하는 목적은 청년들의 자산형성과 경제적 자립을 지원하고, 장기 재무목표 달성 및 올바른 금융태도 형성을 돕기 위함입니다.","241021 청년들에게 맞춤형 재무상담을 제공해 드립니다, ★(보도자료)나도 모르게 실행된 대출 이제는 사전에 차단할 수 있습니다_f, 241002_1100 (보도자료) 전북도 도민 금융교육을 적극 지원하겠습니다_F, 240911[별첨] 불법사금융 근절과 대부업 신뢰제고를 위한 제도개선 방안, 241021 청년들에게 맞춤형 재무상담을 제공해 드립니다"
26,"2024년 9월 회사채 발행 총액은 얼마이며, 2024년 8월과 비교해 몇 퍼센트 증가했습니까?","2024년 9월 회사채 발행 총액은 31조 5,354억 원으로, 2024년 8월(19조 7,182억 원) 대비 59.9% 증가하였습니다​.",241022 24.9월중 기업의 직접금융 조달실적.pdf,"2024년 9월 회사채 발행 총액은 명시되어 있지 않으며, 2024년 8월과 비교한 증가율도 제공되지 않습니다.","240821 (보도자료) 석간_24.7월중 기업의 직접금융 조달실적, 241022 24.9월중 기업의 직접금융 조달실적, 240821 (보도자료) 석간_24.7월중 기업의 직접금융 조달실적, 240925 24.8월중 기업의 직접금융 조달실적, 240821 (보도자료) 석간_24.7월중 기업의 직접금융 조달실적"
27,"2024년 8월 말 국내은행의 원화대출 연체율은 얼마이며, 전월 및 전년 동월 대비 각각 몇 퍼센트포인트 상승했습니까?","2024년 8월 말 국내은행의 원화대출 연체율은 0.53%로, 전월(0.47%) 대비 0.06%p 상승하였으며, 전년 동월(0.43%) 대비 0.10%p 상승하였습니다.",241018 (보도자료) 석간_24.8월말 국내은행의 원화대출 연체율 현황(잠정).pdf,"2024년 8월 말 국내은행의 원화대출 연체율은 0.53%로, 전월 대비 0.06%p 상승하였으며, 전년 동월 대비 0.10%p 상승하였습니다.","241018 (보도자료) 석간_24.8월말 국내은행의 원화대출 연체율 현황(잠정), 240716 (보도자료) 석간_24.5월말 국내은행의 원화대출 연체율 현황(잠정), 240920 (보도자료) 석간_24.7월말 국내은행의 원화대출 연체율 현황(잠정), 241018 (보도자료) 석간_24.8월말 국내은행의 원화대출 연체율 현황(잠정), 240820 (보도자료) 석간_24.6월말 국내은행의 원화대출 연체율 현황(잠정)"
28,"2024년 6월 말 경과조치 적용 후 보험회사들의 평균 지급여력비율(K-ICS)은 얼마이며, 전분기 대비 몇 퍼센트포인트 변화했습니까?","2024년 6월 말 경과조치 적용 후 보험회사들의 평균 지급여력비율(K-ICS)은 217.3%로, 전분기(223.6%) 대비 6.3%p 하락하였습니다​.",241017 (보도자료) 석간_24.6월말 기준 보험회사 지급여력비율 현황.pdf,"2024년 6월 말 경과조치 적용 후 보험회사들의 평균 지급여력비율(K-ICS)은 201.5%이며, 전분기 대비 5.1%포인트 하락했습니다.","241017 (보도자료) 석간_24.6월말 기준 보험회사 지급여력비율 현황, 241002 자본건전성이 충분한 보험회사의 배당가능이익이 종전(IFRS4) 수준으로 확대, 241101(보도자료) IFRS17 안착을 위해 보험건전성 감독을 강화합니다, 241107 (보도자료) 석간_24.6월말 금융복합기업집단 자본적정성 비율, 241017 (보도자료) 석간_24.6월말 기준 보험회사 지급여력비율 현황"
29,2024년 10월 17일부터 시행된 개인채무자 보호법의 주요 목적은 무엇입니까?,"개인채무자 보호법의 주요 목적은 금융회사의 채무조정을 활성화하고 연체이자 부담을 완화하며, 채권 매각 및 과도한 채권추심을 규율함으로써 채무자의 재기 가능성을 높이고 금융회사의 회수 가치를 증대하는 것입니다​.",241016 대출을 갚기 어려운 개인채무자의 상환 및 독촉 부담을 완화.pdf,2024년 10월 17일부터 시행되는 개인채무자 보호법의 주요 목적은 대출을 갚기 어려운 개인채무자의 상환 및 독촉 부담을 완화하여 빠르게 재기할 수 있도록 지원하는 것입니다.,"241007 [별첨] 「개인채무자보호법」시행 점검회의 모두발언, 241007 개인채무자보호법 시행 준비상황 및 향후 추진계획 점검회의 개최, 241016 대출을 갚기 어려운 개인채무자의 상환 및 독촉 부담을 완화, 241007 [별첨] 「개인채무자보호법」시행 점검회의 모두발언, 241007 [별첨] 「개인채무자보호법」시행 점검회의 모두발언"
30,"2024년 9월 가계대출 증가폭은 얼마였으며, 전월 대비 어떻게 변화했습니까?","2024년 9월 가계대출 증가폭은 5.2조 원으로, 전월(9.7조 원) 대비 증가폭이 축소되었습니다​.",241011 배포시 (보도참고) 긴장의 끈을 놓지 않고 가계부채를 철저히 관리.pdf,"2024년 9월 가계대출은 +5.2조원 증가하였으며, 전월(+9.7조원) 대비 증가폭이 둔화되었습니다.","241011 조간 (보도자료) 2024년 9월중 가계대출 동향(잠정), 240812 (보도자료) 2024년 7월중 가계대출 동향(잠정), 240911(보도자료) 2024년 8월중 가계대출 동향(잠정), 241111 (보도자료) 10월 가계대출 동향(잠정) 및 가계부채 점검회의 개최, 241022 24.9월중 기업의 직접금융 조달실적"
31,2024년 10월 11일 기준금리 인하 이후 금감원이 주목한 주요 금융시장 리스크는 무엇입니까?,"금감원은 기준금리 인하 이후 주택가격 상승 기대감으로 인한 가계부채 확대 가능성, 부실 PF사업장의 정리 지연, 중소금융사의 연체율 상승 등 금융시장 리스크에 주목하고, 이에 대한 철저한 관리 기조를 유지할 것을 강조하였습니다​.","241011 배포시 (보도참고) 금감원, 금융상황 점검회의 개최.pdf",금감원이 주목한 주요 금융시장 리스크는 가계부채와 부동산 PF 등입니다.,"240801(보도자료) 금융시장 안정을 위해 관계기관 공조 강화, 240919 美 통화정책 전환에 대응해 긴밀한 관계기관 공조 하에 리스크 관리 철저, 240801(보도자료) 금융시장 안정을 위해 관계기관 공조 강화, 240819 (보도자료) 조간_금리 변동기 채권 투자 관련 유의사항 안내, 240919 美 통화정책 전환에 대응해 긴밀한 관계기관 공조 하에 리스크 관리 철저"
32,퇴직연금 실물이전 서비스의 주요 목표는 무엇입니까?,"퇴직연금 실물이전 서비스는 가입자가 기존 상품을 해지하지 않고 사업자를 변경할 수 있도록 하여, 가입자의 손실을 최소화하고, 사업자 간 경쟁을 촉진하여 퇴직연금 수익률 개선을 목표로 합니다. 이 서비스는 2024년 10월 31일부터 개시됩니다​.",241010 (보도자료) 퇴직연금 실물이전서비스 개시.pdf,퇴직연금 실물이전 서비스의 주요 목표는 가입자의 선택권을 확대하고 사업자 간 건전한 경쟁을 촉진하여 퇴직연금 수익률을 개선하는 것입니다.,"241010 (보도자료) 퇴직연금 실물이전서비스 개시, 241010 (보도자료) 퇴직연금 실물이전서비스 개시, 241011 배포시 (보도참고) 퇴직연금 실물이전 제도 시행 관련 추가 설명 자료, 241010 (보도자료) 퇴직연금 실물이전서비스 개시, 241010 (보도자료) 퇴직연금 실물이전서비스 개시"
33,2024년 12월부터 이동통신 3사가 추심을 중단하는 통신요금의 기준은 무엇입니까?,"2024년 12월부터 이동통신 3사는 3년 이상 연체된 30만 원 미만의 통신요금에 대해 직접 추심하거나 추심을 위탁하지 않으며, 매각도 하지 않습니다. 해당 금액은 모든 연체 회선의 통신요금을 합산한 기준입니다​.",241008 이동통신3사의 3년 이상 연체된 30만원 미만의 통신요금은 추심하지 않습니다.pdf,2024년 12월부터 이동통신 3사는 3년 이상 연체된 30만원 미만의 통신요금에 대해 추심을 중단합니다.,"241008 이동통신3사의 3년 이상 연체된 30만원 미만의 통신요금은 추심하지 않습니다, 241008 이동통신3사의 3년 이상 연체된 30만원 미만의 통신요금은 추심하지 않습니다, 241008 이동통신3사의 3년 이상 연체된 30만원 미만의 통신요금은 추심하지 않습니다, 240910 (보도자료) 석간_2024년 상반기 자동차보험 사업실적(잠정), (별첨) 240905 금융회사 운영위험 관리강화 추진계획(안)"
34,"단기매매차익 반환제도의 주요 목적은 무엇이며, 단기매매차익은 어떤 경우에 발생합니까?",단기매매차익 반환제도의 주요 목적은 미공개 정보를 이용한 부당 거래를 사전에 방지하는 것입니다. 단기매매차익은 상장사 임직원 또는 주요주주가 동일 증권을 6개월 이내에 매매하여 이익이 발생한 경우 반환 대상이 됩니다​.,241008 상장사 임직원 주요주주 단기매매차익 발생사례 및 유의사항 안내.pdf,"단기매매차익 반환제도의 주요 목적은 미공개정보 이용 거래를 통한 부당 차익을 사전적으로 방지하는 것이며, 단기매매차익은 특정증권을 매수 후 6개월 이내에 매도하거나 매도 후 6개월 이내에 매수하여 발생합니다.","241008 상장사 임직원 주요주주 단기매매차익 발생사례 및 유의사항 안내, 241008 상장사 임직원 주요주주 단기매매차익 발생사례 및 유의사항 안내, 241008 상장사 임직원 주요주주 단기매매차익 발생사례 및 유의사항 안내, 241008 상장사 임직원 주요주주 단기매매차익 발생사례 및 유의사항 안내, 241008 상장사 임직원 주요주주 단기매매차익 발생사례 및 유의사항 안내"
35,공개매수 기간 중 투자자들이 주의해야 할 주요 사항은 무엇입니까?,"공개매수 기간 중에는 주가가 급격히 변동할 가능성이 있으며, 특히 경쟁 과열이나 근거 없는 풍문에 현혹되지 않도록 전자공시시스템(DART)을 통해 정확한 정보를 확인해야 합니다. 또한, 공개매수가 장외거래로 세금 등의 영향을 받을 수 있음을 고려해야 합니다.",241008 배포시 (보도자료) 공개매수 관련 소비자경보 발령(주의).pdf,"공개매수 기간 중 투자자들은 주가의 급락 가능성, 근거 없는 루머에 현혹되지 않기, 세금 영향을 고려하며, 공시자료를 통해 정확한 정보를 확인해야 합니다.","241008 배포시 (보도자료) 공개매수 관련 소비자경보 발령(주의), 241008 배포시 (보도자료) 공개매수 관련 소비자경보 발령(주의), 240927 24년 상반기 중 증권회사 파생결합증권 발행 운용 현황, 240929_부원장회의 당부사항_배포용, 240923 (보도자료) 조간_소액공모 투자에 대한 소비자 경보(주의) 발령"
36,구글이 시행하는 금융서비스 인증 절차의 주요 내용은 무엇입니까?,"구글은 국내에서 금융상품 광고를 하려는 광고주에게 금융위원회 등록 여부를 확인하는 인증 절차(FSV)를 마련하였습니다. 인증받지 못한 광고주는 금융상품 광고를 게재할 수 없으며, 이는 2024년 11월 7일부터 시행됩니다​.",241008 (보도자료) 불법사금융 척결 실무TF 개최.pdf,"구글의 금융서비스 인증 절차는 광고주가 금융당국의 승인을 받은 금융회사임을 입증해야 하며, 다양한 인증 방식이 존재하여 광고주 정보와 금융회사 정보를 비교하거나 사업 세부정보를 제출하여 적정성을 심사받아야 한다.","241008 (보도자료) 불법사금융 척결 실무TF 개최, 241008 (보도자료) 불법사금융 척결 실무TF 개최, 241008 (보도자료) 불법사금융 척결 실무TF 개최, 241008 (보도자료) 불법사금융 척결 실무TF 개최, 241008 (보도자료) 불법사금융 척결 실무TF 개최"
37,"2024년 상반기 개인사업자대출119 프로그램으로 지원된 총액은 얼마이며, 주된 지원 유형은 무엇입니까?","2024년 상반기 개인사업자대출119 프로그램을 통해 1조 5,414억 원이 지원되었으며, 주요 지원 유형은 만기연장(1조 1,961억 원)과 이자감면(8,412억 원)입니다.",241007_조간 (보도자료) 24년 상반기 국내은행 개인사업자대출119 운영현황.pdf,"2024년 상반기 개인사업자대출119 프로그램으로 지원된 총액은 1조 5,414억원이며, 주된 지원 유형은 이자감면입니다.","241007_조간 (보도자료) 24년 상반기 국내은행 개인사업자대출119 운영현황, 241007_조간 (보도자료) 24년 상반기 국내은행 개인사업자대출119 운영현황, 241007_조간 (보도자료) 24년 상반기 국내은행 개인사업자대출119 운영현황, 241007_조간 (보도자료) 24년 상반기 국내은행 개인사업자대출119 운영현황, 241007_조간 (보도자료) 24년 상반기 국내은행 개인사업자대출119 운영현황"
38,신용카드사의 부가서비스 제공 관행 개선에서 주요 개선 사항은 무엇입니까?,"결제 취소로 한도가 복원되는 경우 누락된 부가서비스를 자동 환급하도록 시스템과 약관을 개선하며, 무이자할부 및 결제취소분 실적 차감방식을 명확히 안내하도록 강화할 예정입니다.",241007_1630_(보도자료) 신용카드사의 부가서비스 제공 관행 등 개선.pdf,"신용카드사의 부가서비스 제공 관행 개선의 주요 사항은 부가서비스 미제공 문제 해결을 위한 시스템 개선, 무이자할부 서비스 안내 강화, 포인트 적립 및 환급 절차 개선 등이 포함됩니다.","241007_1630_(보도자료) 신용카드사의 부가서비스 제공 관행 등 개선, 240820 (붙임2) 신용카드업 상생발전 제도개선 방안, 241007_1630_(보도자료) 신용카드사의 부가서비스 제공 관행 등 개선, 241007_1630_(보도자료) 신용카드사의 부가서비스 제공 관행 등 개선, 240820 (붙임2) 신용카드업 상생발전 제도개선 방안"
39,"개인채무자보호법 시행의 주요 내용은 무엇이며, 시행 이후 정부의 계획은 무엇입니까?","개인채무자보호법은 연체이자 완화, 과도한 추심 제한, 채권 매각 규율 등을 포함하여 채무자의 경제적 재기를 지원합니다. 정부는 시행 후 점검반을 운영하여 사례를 신속히 대응하고, 금융회사와의 협력을 통해 법을 정착시킬 계획입니다.",241007 개인채무자보호법 시행 준비상황 및 향후 추진계획 점검회의 개최.pdf,"개인채무자보호법의 주요 내용은 채무조정, 채권추심 및 이용자 보호에 관한 규정을 포함하며, 시행 이후 정부는 법의 안정적 정착을 위해 금융권과 지속적으로 소통하고 미흡한 부분에 대한 개선을 유도할 계획입니다.","241007 개인채무자보호법 시행 준비상황 및 향후 추진계획 점검회의 개최, 240816 「개인채무자보호법」상 5개 내부기준 모범사례 마련 제공, 240905 대부업자의 부당 추심행위를 방지하고 대부이용자 권익을 제고하겠습니다., 241106 대부업계 「개인채무자보호법」 준비실태 사전 현장점검 결과, 241106 대부업계 「개인채무자보호법」 준비실태 사전 현장점검 결과"
40,금감원과 한국수자원공사가 체결한 감사업무 협약의 주요 목적은 무엇입니까?,"이 협약의 주요 목적은 감사 정보 및 기법 교류를 통해 감사 성과와 내부통제 체계 강화를 도모하고, 상호 발전을 촉진하는 것입니다.","241007 1100 (보도자료) 금감원, 한국수자원공사와 감사업무협약 체결.pdf","금감원과 한국수자원공사가 체결한 감사업무 협약의 주요 목적은 감사 성과 향상, 내부통제 체계 강화 및 청렴도 제고를 통해 감사기구의 상호 발전을 도모하는 것입니다.","241007 1100 (보도자료) 금감원, 한국수자원공사와 감사업무협약 체결, 241007 1100 (보도자료) 금감원, 한국수자원공사와 감사업무협약 체결, (별첨2)보험업 대국민 신뢰도 제고방안, 241018 (보도자료) 조간_2025 사업연도 주기적 지정 등 감사인 지정결과 사전통지, 240716 (보도자료) 석간_24.5월말 국내은행의 원화대출 연체율 현황(잠정)"
41,"2024년 상반기 관계형금융 잔액은 얼마이며, 주요 대출 증가율은 어떻게 되었습니까?","2024년 상반기 관계형금융 잔액은 18.4조 원으로, 전년 말 대비 11.4% 증가하였습니다. 중소법인 대출은 8.6%, 개인사업자 대출은 17.2% 증가하였습니다​.",241004_조간_(보도자료) 24년 상반기 관계형금융 취급실적 및 우수은행 평가 결과.pdf,"2024년 상반기 관계형금융 잔액은 18.4조원이며, 주요 대출 증가율은 개인사업자 대출이 17.2% 증가하고 중소법인 대출이 8.6% 증가했습니다.","241004_조간_(보도자료) 24년 상반기 관계형금융 취급실적 및 우수은행 평가 결과, 240723 24년 상반기 기업의 직접금융 조달실적, 241011 조간 (보도자료) 2024년 9월중 가계대출 동향(잠정), 241004_조간_(보도자료) 24년 상반기 관계형금융 취급실적 및 우수은행 평가 결과, 240812 (보도자료) 2024년 7월중 가계대출 동향(잠정)"
42,전북특별자치도와 금융감독원이 체결한 금융교육 활성화 협약의 주요 내용은 무엇입니까?,"협약의 주요 내용은 청소년 금융이해력 강화, 현직 교사 금융교육 확대, 청년 맞춤형 재무상담 프로그램 운영, 자립준비청년 대상 금융특강 제공 등이 포함되어 있습니다​.",241002_1100 (보도자료) 전북도 도민 금융교육을 적극 지원하겠습니다_F.pdf,"전북특별자치도와 금융감독원이 체결한 금융교육 활성화 협약의 주요 내용은 맞춤형 금융교육 프로그램을 통해 청소년과 청년, 취약계층의 금융 이해력과 역량을 강화하고, 현직 교사들의 금융교육 전문성을 제고하는 것이다.","241002_1100 (보도자료) 전북도 도민 금융교육을 적극 지원하겠습니다_F, 241002_1100 (보도자료) 전북도 도민 금융교육을 적극 지원하겠습니다_F, 241002_1100 (보도자료) 전북도 도민 금융교육을 적극 지원하겠습니다_F, 240830 (보도자료) 1500_수도방위사령부 장병들에 대한 금융교육을 적극 지원하겠습니다, 241002_1100 (보도자료) 전북도 도민 금융교육을 적극 지원하겠습니다_F"
43,전기자동차 배터리 교체 비용 전액 보상을 받으려면 어떤 약관에 가입해야 합니까?,"전기자동차 배터리 교체 비용 전액 보상을 받기 위해서는 ""전기자동차 배터리 교체비용 전액보상 특별약관""에 별도 가입해야 합니다. 일반 약관에서는 감가상각 금액이 공제됩니다​.",241002 주요 민원사례로 알아보는 소비자 유의사항_자동차보험 특별약관편_F.pdf,"전기자동차 배터리 교체 비용 전액 보상을 받으려면 ""전기자동차 배터리 교체비용 전액보상 특별약관""에 별도로 가입해야 합니다.","241002 주요 민원사례로 알아보는 소비자 유의사항_자동차보험 특별약관편_F, 241002 주요 민원사례로 알아보는 소비자 유의사항_자동차보험 특별약관편_F, 241002 주요 민원사례로 알아보는 소비자 유의사항_자동차보험 특별약관편_F, 241002 주요 민원사례로 알아보는 소비자 유의사항_자동차보험 특별약관편_F, 241002 주요 민원사례로 알아보는 소비자 유의사항_자동차보험 특별약관편_F"
44,START 포털을 통해 인허가 사전협의를 신청한 경우 평균 면담 일정 소요 기간은 얼마나 됩니까?,START 포털을 통해 접수된 인허가 사전협의는 평균적으로 접수 후 약 26일 이내에 면담이 이루어집니다​.,241002 조간 (보도자료) 「START 포털」 운영.pdf,평균 면담 일정 소요 기간은 약 26일 이내입니다.,"241002 조간 (보도자료) 「START 포털」 운영, 241002 조간 (보도자료) 「START 포털」 운영, 241002 조간 (보도자료) 「START 포털」 운영, 241002 조간 (보도자료) 「START 포털」 운영, 241002 조간 (보도자료) 「START 포털」 운영"
45,2024년 보험회사의 해약환급금 준비금 제도 개선의 주요 내용은 무엇입니까?,"자본건전성 조건을 충족하는 보험사에 대해 준비금 적립 비율을 기존 대비 80% 수준으로 조정하여 배당가능이익을 확대하며, 지급여력 비율 200% 이상인 보험사부터 우선 적용할 예정입니다.",241002 자본건전성이 충분한 보험회사의 배당가능이익이 종전(IFRS4) 수준으로 확대.pdf,"2024년 보험회사의 해약환급금 준비금 제도 개선의 주요 내용은 자본건전성 조건을 충족하는 보험회사에 대해 해약환급금준비금의 적립액을 조정하여 배당가능이익을 확대하고, 세법상 손금으로 인정받는 방안을 마련한 것이다.","(금융위)240930[별첨] 해약환급금준비금 제도개선방안, 241002 자본건전성이 충분한 보험회사의 배당가능이익이 종전(IFRS4) 수준으로 확대, 241002 자본건전성이 충분한 보험회사의 배당가능이익이 종전(IFRS4) 수준으로 확대, (별첨2)보험업 대국민 신뢰도 제고방안, (금융위)240930[별첨] 해약환급금준비금 제도개선방안"
46,보험사의 내부통제 강화를 위해 추진된 주요 방안은 무엇입니까?,"상품위원회의 운영 강화, 계리법인 외부검증 절차 개선, 합리적 보장한도 심의 기준 마련 등이 포함됩니다. 이를 통해 보험상품 개발 및 판매의 모든 과정을 총괄하도록 합니다.",241002 보험산업의 건전경쟁을 확립하고 내부통제를 강화해 나가겠습니다.pdf,"보험사의 내부통제 강화를 위해 추진된 주요 방안은 금융사고 예방지침 마련, 보험사기 예방 내부통제규율 명시화, 그리고 임원별 내부통제 책무를 명확히 구분하는 책무구조도 제도 도입입니다.","241002 [별첨2] 보험사 내부통제 강화방안, 240808 (보도자료) 1500_보험산업이 신뢰받는 국민동반산업으로 변모해 나갑니다, 241101 경영인정기보험 관련 불건전 영업행위를 지속 점검하겠습니다, 240808 (보도자료) 1500_보험산업이 신뢰받는 국민동반산업으로 변모해 나갑니다, 241002 보험산업의 건전경쟁을 확립하고 내부통제를 강화해 나가겠습니다"
47,보험 가입자가 통지의무를 이행하지 않을 경우 어떤 불이익이 있을 수 있습니까?,"통지의무를 이행하지 않으면 보험 계약이 해지되거나, 보험금이 삭감 지급 또는 부지급되는 불이익이 발생할 수 있습니다​.",240930[금융꿀팁] 보험 가입 후 알릴의무(통지의무) 관련 유익정보 및 유의사항 안내.pdf,"보험 가입자가 통지의무를 이행하지 않을 경우 보험계약이 해지되거나, 보험금이 삭감지급 또는 부지급되는 불이익이 있을 수 있습니다.","240930[금융꿀팁] 보험 가입 후 알릴의무(통지의무) 관련 유익정보 및 유의사항 안내, 240930[금융꿀팁] 보험 가입 후 알릴의무(통지의무) 관련 유익정보 및 유의사항 안내, 240930[금융꿀팁] 보험 가입 후 알릴의무(통지의무) 관련 유익정보 및 유의사항 안내, 241101 경영인정기보험 관련 불건전 영업행위를 지속 점검하겠습니다, 240823 GA 영업질서 확립 - ④ 특별이익 제공 금지 위반사례"
48,"여신거래 안심차단 서비스는 어떤 목적으로 제공되며, 주요 가입 연령대는 누구입니까?","여신거래 안심차단 서비스는 보이스피싱 등 피해를 예방하기 위해 제공되며, 주요 가입 연령대는 60대 이상으로 전체 가입자의 약 62%를 차지합니다.",240930 조간 (보도자료) 여신거래 안심차단 시행(8.23.) 이후.pdf,"여신거래 안심차단 서비스는 이용자가 본인도 모르는 사이 실행된 대출로 인한 금전피해를 예방하기 위해 제공되며, 주요 가입 연령대는 60대 이상 고령층이 62%로 가장 높고, 20·30대는 상대적으로 낮은 가입률을 보입니다.","240930 조간 (보도자료) 여신거래 안심차단 시행(8.23.) 이후, 240930 조간 (보도자료) 여신거래 안심차단 시행(8.23.) 이후, 240930 조간 (보도자료) 여신거래 안심차단 시행(8.23.) 이후, ★(보도자료)나도 모르게 실행된 대출 이제는 사전에 차단할 수 있습니다_f, 240930 조간 (보도자료) 여신거래 안심차단 시행(8.23.) 이후"
49,마이데이터 2.0에서 청소년의 이용 편의성을 개선하기 위해 어떤 변경이 이루어졌습니까?,"청소년의 마이데이터 이용 연령이 기존 19세 이상에서 14세 이상으로 변경되었습니다. 다만, 정보 활용 제한 규정은 유지됩니다.",240930 조간 (보도자료) 「마이데이터 2.0」 시행을 위한 제도적 기반을 마련하겠습니다.pdf,마이데이터 2.0에서 청소년의 이용 편의성을 개선하기 위해 법정대리인의 동의 없이 스스로 마이데이터를 이용할 수 있는 연령을 19세에서 14세 이상으로 변경하였다.,"240930 조간 (보도자료) 「마이데이터 2.0」 시행을 위한 제도적 기반을 마련하겠습니다, 240930 조간 (보도자료) 「마이데이터 2.0」 시행을 위한 제도적 기반을 마련하겠습니다, 240930 조간 (보도자료) 「마이데이터 2.0」 시행을 위한 제도적 기반을 마련하겠습니다, 240930 조간 (보도자료) 「마이데이터 2.0」 시행을 위한 제도적 기반을 마련하겠습니다, 240930 조간 (보도자료) 「마이데이터 2.0」 시행을 위한 제도적 기반을 마련하겠습니다"
50,수능 이후 고3 학생들을 위한 금융교육의 주요 내용은 무엇입니까?,"주요 내용으로는 신용관리, 금융사기 예방, 재무관리 방법, 금융꿀팁 등이 포함되며, 가상자산 투자사기 및 청소년 불법도박 예방 등도 다룹니다.",240930 고3 학생들에게 꼭 필요한 금융사기 예방법 및 금융꿀팁.pdf,"수능 이후 고3 학생들을 위한 금융교육의 주요 내용은 신용관리, 금융사기 예방, 재무관리 방법, 금융꿀팁 등으로 구성되어 있습니다.","240930 고3 학생들에게 꼭 필요한 금융사기 예방법 및 금융꿀팁, 240930 고3 학생들에게 꼭 필요한 금융사기 예방법 및 금융꿀팁, 240930 고3 학생들에게 꼭 필요한 금융사기 예방법 및 금융꿀팁, 241002_1100 (보도자료) 전북도 도민 금융교육을 적극 지원하겠습니다_F, 241002_1100 (보도자료) 전북도 도민 금융교육을 적극 지원하겠습니다_F"
51,이 문서에서 '온라인 대출 갈아타기 서비스'가 새롭게 추가된 대상은 무엇인가요?,이 문서에서는 2024년 9월 30일부터 실시간 시세 조회가 가능한 주거용 오피스텔과 빌라(연립·다세대)가 '온라인 대출 갈아타기 서비스'의 새로운 대상에 포함되었다고 설명하고 있습니다.,240927 실시간 시세 조회가 가능한 주거용 오피스텔 및 빌라 담보대출도 갈아타기.pdf,'온라인 대출 갈아타기 서비스'가 새롭게 추가된 대상은 주거용 오피스텔과 빌라 담보대출입니다.,"240731 주요 대출비교플랫폼이 대환대출 상품 중개수수료율을 투명하게 공시합니다, 240927 실시간 시세 조회가 가능한 주거용 오피스텔 및 빌라 담보대출도 갈아타기, 240731 주요 대출비교플랫폼이 대환대출 상품 중개수수료율을 투명하게 공시합니다, 240927 실시간 시세 조회가 가능한 주거용 오피스텔 및 빌라 담보대출도 갈아타기, 240920 민생금융 지원을 위한 개인사업자 대출상품 비교공시 추진"
52,문서에서 '공매도 통합 가이드라인'의 주요 목적은 무엇인가요?,이 문서에서는 '공매도 통합 가이드라인'의 주요 목적이 투자자가 공매도 불법 여부를 스스로 검증하고 예방·통제할 수 있도록 하기 위한 것이라고 명시하고 있습니다.,240926 투자자에게 공매도 통합가이드라인을 제시.pdf,'공매도 통합 가이드라인'의 주요 목적은 무차입공매도 등 불법적인 거래주문 제출을 사전에 방지하는 것입니다.,"240926 투자자에게 공매도 통합가이드라인을 제시, 240821 「공매도 내부통제 및 기관내 잔고관리 시스템 가이드라인」 행정지도 시행, 240821 「공매도 내부통제 및 기관내 잔고관리 시스템 가이드라인」 행정지도 시행, 240821 「공매도 내부통제 및 기관내 잔고관리 시스템 가이드라인」 행정지도 시행, 240821 「공매도 내부통제 및 기관내 잔고관리 시스템 가이드라인」 행정지도 시행"
53,문서에서 채권자 변동정보 조회 시스템의 주요 개선 사항은 무엇인가요?,"문서에 따르면 주요 개선 사항은 (1) 조회 가능한 정보의 범위를 확대하여 신용카드 거래대금, 현금서비스, 개인사업자 대출 등도 포함하고, (2) 채권 변동 정보를 5영업일 이내에 업데이트하도록 변경한 것입니다​.","240926 채권자 변동내역, 소멸시효 완성 여부 등을 확인하고 불법 채권추심에 대응.pdf","채권자 변동정보 조회 시스템의 주요 개선 사항은 소비자가 조회할 수 있는 채권과 정보의 대폭 확대와 함께, 채권 매각 발생 시 정보를 5영업일 이내에 확인할 수 있도록 한 점입니다.","240926 채권자 변동내역, 소멸시효 완성 여부 등을 확인하고 불법 채권추심에 대응, 240926 채권자 변동내역, 소멸시효 완성 여부 등을 확인하고 불법 채권추심에 대응, 240926 채권자 변동내역, 소멸시효 완성 여부 등을 확인하고 불법 채권추심에 대응, 240926 채권자 변동내역, 소멸시효 완성 여부 등을 확인하고 불법 채권추심에 대응, 240926 채권자 변동내역, 소멸시효 완성 여부 등을 확인하고 불법 채권추심에 대응"
54,이 문서에서 온라인 대부중개사이트 점검의 주요 내용은 무엇인가요?,"주요 점검 내용은 개인정보 유출, 불법사금융업체 광고 대행, 허위·과장광고 등의 위법 행위 여부를 확인하는 것입니다​.","240926 경기도, 경기남부 북부경찰청과 온라인 대부중개플랫폼 합동점검 실시.pdf","온라인 대부중개사이트 점검의 주요 내용은 개인정보 유출, 불법사금융업체 광고 대행, 허위·과장광고 등을 집중적으로 점검하고, 적발된 위법행위에 대해서는 영업정지 및 수사의뢰 등의 엄중 조치를 취하는 것입니다.","240926 경기도, 경기남부 북부경찰청과 온라인 대부중개플랫폼 합동점검 실시, 240926 경기도, 경기남부 북부경찰청과 온라인 대부중개플랫폼 합동점검 실시, 240926 경기도, 경기남부 북부경찰청과 온라인 대부중개플랫폼 합동점검 실시, 240926 경기도, 경기남부 북부경찰청과 온라인 대부중개플랫폼 합동점검 실시, 240906 온라인 대부중개사이트 이용중 불법사금융 피해 발생시 적극 신고"
55,문서에서 설립된 디지털자산보호재단의 주요 역할은 무엇인가요?,디지털자산보호재단의 주요 역할은 영업을 종료한 가상자산거래소로부터 이용자의 자산을 이전받아 안전하게 보관하고 이를 이용자에게 반환하는 것입니다​.,240925영업을 종료한 가상자산거래소의 이용자 자산을 차질없이 반환.pdf,디지털자산보호재단의 주요 역할은 영업을 종료한 가상자산거래소로부터 이용자 자산을 이전받아 안전하게 반환하는 것입니다.,"240925영업을 종료한 가상자산거래소의 이용자 자산을 차질없이 반환, 240925영업을 종료한 가상자산거래소의 이용자 자산을 차질없이 반환, 240927 SaaS 이용을 허용하는 혁신금융서비스 14건 지정 (1), 240717(보도자료) 내일(7.19일)부터 가상자산이용자보호법이 시행됩니다., 240717(보도자료) 내일(7.19일)부터 가상자산이용자보호법이 시행됩니다."
56,문서에서 GA업계의 정착지원금 관련 내부통제 부족 사례는 무엇인가요?,"문서에서는 정착지원금 지급 대상 선정 기준이 없거나, 본사 차원의 통제 없이 지점별로 운영된 사례가 내부통제 부족의 주요 사례로 제시되었습니다.",240924 GA업계의 건전한 설계사 스카우트 문화 정착을 지속 유도하겠습니다.pdf,GA업계의 정착지원금 관련 내부통제 부족 사례로는 지역본부장이 회사 내규에서 정한 기준을 초과하여 정착지원금을 지급하였음에도 해당 GA가 별다른 조치를 취하지 않은 경우가 있습니다.,"240924 GA업계의 건전한 설계사 스카우트 문화 정착을 지속 유도하겠습니다, 240924 GA업계의 건전한 설계사 스카우트 문화 정착을 지속 유도하겠습니다, 240924 GA업계의 건전한 설계사 스카우트 문화 정착을 지속 유도하겠습니다, 240924 GA업계의 건전한 설계사 스카우트 문화 정착을 지속 유도하겠습니다, 240924 GA업계의 건전한 설계사 스카우트 문화 정착을 지속 유도하겠습니다"
57,문서에서 디지털 감사기술 도입의 주요 추진 과제는 무엇인가요?,"주요 추진 과제는 디지털 감사기술 활용 근거 및 품질관리 절차 명확화, 표준감사시간 반영 검토, 회계법인 간 격차 완화 및 전문인력 양성, 감사 데이터 표준화 등이 포함됩니다.",240924 (보도자료) 조간_디지털 감사기술 도입 지원 TF 운영결과 및 향후 계획.pdf,"디지털 감사기술 도입의 주요 추진 과제는 디지털 감사 활용 근거 및 품질관리 절차의 명확화, 인식 제고 및 관심 확대, 표준감사시간 반영 검토, 그리고 회계법인 간 격차 완화 및 전문인력 양성이다.","240924 (보도자료) 조간_디지털 감사기술 도입 지원 TF 운영결과 및 향후 계획, 240924 (보도자료) 조간_디지털 감사기술 도입 지원 TF 운영결과 및 향후 계획, 240924 (보도자료) 조간_디지털 감사기술 도입 지원 TF 운영결과 및 향후 계획, 240924 (보도자료) 조간_디지털 감사기술 도입 지원 TF 운영결과 및 향후 계획, 240924 (보도자료) 조간_디지털 감사기술 도입 지원 TF 운영결과 및 향후 계획"
58,문서에서 5대 금융지주와 삼성전자가 중소기업을 위해 제공하는 지원 규모는 얼마인가요?,5대 금융지주와 삼성전자는 중소기업의 저탄소 전환 투자 등을 위해 총 2조 원 규모의 대출을 저금리로 제공하기로 하였습니다​.,240923 5대 금융지주 삼성전자 공동 중소기업 지원 위한 업무협약 체결.pdf,5대 금융지주는 중소기업의 저탄소 전환 투자 등에 필요한 총 2조원 규모의 대출을 저금리로 제공할 예정입니다.,"240923 5대 금융지주 삼성전자 공동 중소기업 지원 위한 업무협약 체결, 240923 5대 금융지주 삼성전자 공동 중소기업 지원 위한 업무협약 체결, 240807 (경장) 위메프 티몬 사태 추가 대응방안 및 제도개선방향, 240806 (보도자료) 조간_위메프-티몬 정산지연 피해판매자 지원방안 시행, 240923 5대 금융지주 삼성전자 공동 중소기업 지원 위한 업무협약 체결"
59,이 문서에서 한국 정부가 미국의 금리 인하에 대응하기 위해 실시한 주요 조치는 무엇인가요?,"주요 조치는 관계기관 합동 24시간 모니터링 체계를 지속 운영하고, 가계부채·부동산 시장·PF 등의 리스크 관리를 강화하며, 상황별 대응 계획을 마련하는 것입니다.",240919 美 통화정책 전환에 대응해 긴밀한 관계기관 공조 하에 리스크 관리 철저.pdf,한국 정부는 미국의 금리 인하에 대응하기 위해 거시경제금융회의를 개최하고 관계기관 공조를 강화하며 리스크 관리와 내수 활성화 노력을 강화하는 조치를 실시했습니다.,"240919 美 통화정책 전환에 대응해 긴밀한 관계기관 공조 하에 리스크 관리 철저, 240801(보도자료) 금융시장 안정을 위해 관계기관 공조 강화, 240801(보도자료) 금융시장 안정을 위해 관계기관 공조 강화, 240919 美 통화정책 전환에 대응해 긴밀한 관계기관 공조 하에 리스크 관리 철저, 241111 (보도참고) 배포시_금감원 금융상황 점검회의 개최"
60,은행권 스트레스완충자본 제도의 주요 도입 배경은 무엇인가요?,위기 상황 분석 결과를 바탕으로 은행의 추가 자본 적립 의무를 부과하여 예상치 못한 위기에도 은행의 안정성을 강화하기 위해 도입되었습니다.,240911(보도참고) 은행권 스트레스완충자본 도입 추진.pdf,"은행권 스트레스완충자본 제도의 주요 도입 배경은 금융당국이 은행권의 손실흡수능력을 제고하기 위해 제도 개선을 추진한 후속조치의 일환으로, 위기상황 분석을 통해 추가자본 적립 의무를 부과하기 위함입니다.","240911(보도참고) 은행권 스트레스완충자본 도입 추진, 240911(보도참고) 은행권 스트레스완충자본 도입 추진, 240911(보도참고) 은행권 스트레스완충자본 도입 추진, 240829 비청산 장외파생거래 증거금 교환제도에 대한 가이드라인 연장(안), 240829 비청산 장외파생거래 증거금 교환제도에 대한 가이드라인 연장(안)"
61,불법사금융 척결 방안에서 미등록 대부업자의 명칭은 무엇으로 변경되었나요?,"미등록 대부업자의 명칭은 ""불법사금융업자""로 변경되었습니다.","240911(보도자료) 정부, 불법사금융 척결을 위해 대부업 제도 대대적 개편 추진.pdf",미등록 대부업자의 명칭은 '불법사금융업자'로 변경되었습니다.,"240911[별첨] 불법사금융 근절과 대부업 신뢰제고를 위한 제도개선 방안, 240911(보도자료) 정부, 불법사금융 척결을 위해 대부업 제도 대대적 개편 추진, 240911[별첨] 불법사금융 근절과 대부업 신뢰제고를 위한 제도개선 방안, 240911[별첨] 불법사금융 근절과 대부업 신뢰제고를 위한 제도개선 방안, 240911(보도자료) 정부, 불법사금융 척결을 위해 대부업 제도 대대적 개편 추진"
62,보험료 미납으로 계약이 해지된 후 부활 신청 시 계약자가 준수해야 할 의무는 무엇인가요?,계약자는 부활청약 시 계약 전 알릴 의무를 다시 이행해야 합니다.,240911 (보도자료) 조간_주요 민원사례로 알아보는 소비자 유의사항.pdf,계약자가 보험료 미납으로 해지된 계약을 부활 신청할 때는 계약 전 알릴 의무를 다시 이행해야 합니다.,"240911 (보도자료) 조간_주요 민원사례로 알아보는 소비자 유의사항, 240911 (보도자료) 조간_주요 민원사례로 알아보는 소비자 유의사항, 240911 (보도자료) 조간_주요 민원사례로 알아보는 소비자 유의사항, 240930[금융꿀팁] 보험 가입 후 알릴의무(통지의무) 관련 유익정보 및 유의사항 안내, 240911 (보도자료) 조간_주요 민원사례로 알아보는 소비자 유의사항"
63,금융감독원이 추석 명절을 전후하여 민생침해 금융범죄 예방을 위해 협력한 주요 기관은 어디인가요?,고용노동부와 소상공인시장진흥공단과 협력하여 맞춤형 교육과 홍보를 실시했습니다​.,240910 (보도자료) 조간_추석 명절 전후 민생침해 금융범죄 피해예방을 집중 홍보.pdf,"금융감독원이 추석 명절을 전후하여 민생침해 금융범죄 예방을 위해 협력한 주요 기관은 금융위원회, 중소벤처기업부, 그리고 다양한 정책금융기관들입니다.","(금감원) 240729 티몬 위메프 판매대금 정산지연 피해업체 등에 대한 금융지원 방안, 240910 (보도자료) 조간_추석 명절 전후 민생침해 금융범죄 피해예방을 집중 홍보, ★(보도자료)나도 모르게 실행된 대출 이제는 사전에 차단할 수 있습니다_f, (금감원) 240729 티몬 위메프 판매대금 정산지연 피해업체 등에 대한 금융지원 방안, 240806 (보도자료) 조간_위메프-티몬 정산지연 피해판매자 지원방안 시행"
64,금융회사 인도 진출설명회는 어떤 주요 내용을 다루었나요?,"인도의 금융시장 현황, 인허가 절차, 투자환경 전망 등을 다루었습니다.","240909 주한 인도대사관, 금융협회와 금융회사 인도 진출설명회 개최.pdf","금융회사 인도 진출설명회는 인도의 금융시장 및 감독제도에 대한 이해를 높이고, 인도 진출에 관심이 있는 국내 금융회사와 질의응답 시간을 가지며, 인도의 금융 인허가 제도 및 투자환경 전망을 소개하는 내용을 다루었습니다.","240909 주한 인도대사관, 금융협회와 금융회사 인도 진출설명회 개최, 240909 (붙임) 이복현 금융감독원장 개회사, 240909 주한 인도대사관, 금융협회와 금융회사 인도 진출설명회 개최, 240909 (붙임) 이복현 금융감독원장 개회사, 240909 주한 인도대사관, 금융협회와 금융회사 인도 진출설명회 개최"
65,티메프 사태 재발 방지를 위해 PG사에 부과된 주요 의무는 무엇인가요?,PG사의 미정산자금 전액에 대해 별도관리 의무가 부과되었습니다.,240909 (보도자료) 티메프 사태 재발 방지를 위한 전자지급결제대행(PG)업 제도개선안 발표.pdf,티메프 사태 재발 방지를 위해 PG사에 부과된 주요 의무는 미정산자금 전액에 대한 별도관리 의무를 도입하는 것입니다.,"240909 (보도자료) 티메프 사태 재발 방지를 위한 전자지급결제대행(PG)업 제도개선안 발표, 240729 (보도참고) 위메프 티몬 사태 관련 PG사의 결제 취소 현황, 240909 (보도자료) 티메프 사태 재발 방지를 위한 전자지급결제대행(PG)업 제도개선안 발표, 240729 (보도참고) 위메프 티몬 사태 관련 PG사의 결제 취소 현황, 240729 (보도참고) 위메프 티몬 사태 관련 PG사의 결제 취소 현황"
66,정산지연 피해를 입은 기업에 대한 지원 프로그램의 주요 내용은 무엇인가요?,피해 기업에 대해 최대 1년간 대출 만기 연장 및 상환 유예가 제공됩니다​.,240909 (보도자료) 인터파크쇼핑 AK몰 정산지연 피해판매자 지원방안 시행.pdf,"정산지연 피해를 입은 기업에 대한 지원 프로그램은 기존 대출 및 보증에 대해 최대 1년 만기연장을 지원하며, 대상은 티몬·위메프 정산지연 기간 중 매출이 있는 기업입니다.","240801 (붙임1) 티메프 피해기업 지원방안, 240909 (보도자료) 인터파크쇼핑 AK몰 정산지연 피해판매자 지원방안 시행, (금감원) 240729 티몬 위메프 판매대금 정산지연 피해업체 등에 대한 금융지원 방안, 240807 (경장) 위메프 티몬 사태 추가 대응방안 및 제도개선방향, 위메프 티몬 사태 미정산 피해 현황점검, e커머스 제도개선 방안 조만간 마련"
67,온라인 대부중개 사이트를 통한 불법사금융 피해 신고는 어디에서 접수할 수 있나요?,"금융감독원 홈페이지의 ""불법사금융‧개인정보 불법 유통 신고센터""에서 접수할 수 있습니다​.",240906 온라인 대부중개사이트 이용중 불법사금융 피해 발생시 적극 신고.pdf,온라인 대부중개 사이트를 통한 불법사금융 피해 신고는 금융감독원 홈페이지(www.fss.or.kr > 민원·신고)에서 접수할 수 있습니다.,"240906 온라인 대부중개사이트 이용중 불법사금융 피해 발생시 적극 신고, 240906 온라인 대부중개사이트 이용중 불법사금융 피해 발생시 적극 신고, 240906 온라인 대부중개사이트 이용중 불법사금융 피해 발생시 적극 신고, 240903 불법사채 해결 또는 대출중개를 명목으로 수수료를 요구하는 업체에 주의하세요!, 240926 경기도, 경기남부 북부경찰청과 온라인 대부중개플랫폼 합동점검 실시"
68,"2024년 10월 시행되는 ""개인채무자보호법""의 주요 내용 중 하나는 무엇인가요?",채무자는 상환곤란 시 금융회사에 채무조정을 요청할 수 있는 권리를 가집니다.,240905 대부업자의 부당 추심행위를 방지하고 대부이용자 권익을 제고하겠습니다..pdf,"2024년 10월 시행되는 ""개인채무자보호법""의 주요 내용 중 하나는 금융회사가 채무자와 직접 협의를 통해 채무 문제를 해결할 수 있도록 하는 것입니다.","241007 개인채무자보호법 시행 준비상황 및 향후 추진계획 점검회의 개최, 241007 개인채무자보호법 시행 준비상황 및 향후 추진계획 점검회의 개최, 241007 [별첨] 「개인채무자보호법」시행 점검회의 모두발언, 241016 대출을 갚기 어려운 개인채무자의 상환 및 독촉 부담을 완화, 240816 「개인채무자보호법」상 5개 내부기준 모범사례 마련 제공"
69,이번에 지정된 혁신금융서비스 중 하나는 어떤 기능을 제공하나요?,선불충전금을 은행 계좌에 보관하며 이자를 지급받고 결제 시 자동 충전되는 서비스를 제공합니다​.,240905 (보도자료) 신규 혁신금융서비스 지정 6건 의결.pdf,이번에 지정된 혁신금융서비스 중 하나는 클라우드를 활용한 소프트웨어 서비스(SaaS)를 제공하는 기능을 갖추고 있습니다.,"240927 SaaS 이용을 허용하는 혁신금융서비스 14건 지정 (1), 241030중앙은행 디지털 화폐(CBDC) 등 혁신금융서비스 9건 지정, 240927 SaaS 이용을 허용하는 혁신금융서비스 14건 지정 (1), 240821 올해 여덟 번째 핀테크 육성공간 방문, 핀테크 기업들과 직접 소통, 241111 (보도자료) 24년 제11회 찾아가는 금융규제 샌드박스 간담회"
70,불법사채 솔루션업체의 주요 사기 수법은 무엇인가요?,"인터넷 광고로 피해자를 유인한 후 수수료를 요구하고, 사채업자와의 조율 실패를 이유로 잠적하거나 추가 수수료를 독촉하는 방식으로 피해를 유발합니다​.",240903 불법사채 해결 또는 대출중개를 명목으로 수수료를 요구하는 업체에 주의하세요!.pdf,"불법사채 솔루션업체의 주요 사기 수법은 피해자를 유인한 후 수수료를 요구하고, 조율 실패를 이유로 잠적하거나 추가 수수료를 요구하는 것입니다.","240903 불법사채 해결 또는 대출중개를 명목으로 수수료를 요구하는 업체에 주의하세요!, 240903 불법사채 해결 또는 대출중개를 명목으로 수수료를 요구하는 업체에 주의하세요!, 240903 불법사채 해결 또는 대출중개를 명목으로 수수료를 요구하는 업체에 주의하세요!, 240903 불법사채 해결 또는 대출중개를 명목으로 수수료를 요구하는 업체에 주의하세요!, 240903 불법사채 해결 또는 대출중개를 명목으로 수수료를 요구하는 업체에 주의하세요!"
71,2024년 9월 15일부터 시행되는 선불충전금 보호 강화 조치의 주요 내용은 무엇인가요?,"선불충전금 전액에 대해 별도 관리를 의무화하고, 모바일상품권도 보호 대상에 포함되었습니다​.","240903 (보도자료) 선불충전금 100% 보호, 모바일상품권도 선불충전금 보호대상.pdf","2024년 9월 15일부터 시행되는 선불충전금 보호 강화 조치의 주요 내용은 선불충전금 전액(100%)을 별도 관리하도록 의무화하고, 선불업자가 파산할 경우에도 이용자에게 우선 환급할 수 있도록 관련 절차를 규정하는 것이다.","240903 (보도자료) 선불충전금 100% 보호, 모바일상품권도 선불충전금 보호대상, 240903 (보도자료) 선불충전금 100% 보호, 모바일상품권도 선불충전금 보호대상, 240717(보도자료) 내일(7.19일)부터 가상자산이용자보호법이 시행됩니다., 240903 (보도자료) 선불충전금 100% 보호, 모바일상품권도 선불충전금 보호대상, 240724 연계투자 혁신금융서비스 신규 지정"
72,은행권 여신 프로세스 개선 TF의 주요 개선 과제는 무엇인가요?,"여신 중요 서류의 진위 확인 절차 강화, 담보가치 산정 및 검증 절차 개선, 자금 용도외유용 사후 점검 기준 보완입니다​.",240903 (보도자료) 1400_은행권 여신 프로세스 개선 TF 킥오프 회의 개최.pdf,"은행권 여신 프로세스 개선 TF의 주요 개선 과제는 여신 중요서류 진위확인 절차 강화, 담보가치 산정 및 검증절차 개선, 임대차계약의 개선 등입니다.","240903 (보도자료) 1400_은행권 여신 프로세스 개선 TF 킥오프 회의 개최, 240903 (보도자료) 1400_은행권 여신 프로세스 개선 TF 킥오프 회의 개최, 240903 (보도자료) 1400_은행권 여신 프로세스 개선 TF 킥오프 회의 개최, 240911(보도참고) 은행권 스트레스완충자본 도입 추진, 240903 (보도자료) 1400_은행권 여신 프로세스 개선 TF 킥오프 회의 개최"
73,은행채무 자동이체 상환 관행 개선의 주요 내용은 무엇인가요?,"우선변제채무지정권 안내를 강화하고, 채무자의 변제 이익을 고려한 자동이체 출금 우선순위를 마련하였습니다.",240902 은행채무 자동이체 상환 관련 업무 관행 및 절차를 정비.pdf,은행채무 자동이체 상환 관행 개선의 주요 내용은 연체일수가 오래된 채무와 높은 이자율의 채무를 우선적으로 상환하도록 자동이체 출금 우선순위를 정비하는 것입니다.,"240902 은행채무 자동이체 상환 관련 업무 관행 및 절차를 정비, 240902 은행채무 자동이체 상환 관련 업무 관행 및 절차를 정비, 240902 은행채무 자동이체 상환 관련 업무 관행 및 절차를 정비, 240902 은행채무 자동이체 상환 관련 업무 관행 및 절차를 정비, 240722 기업 한도대출 수수료 합리화 투명화 등 개선"
74,2024년 전국민 금융이해력 조사의 주요 목적은 무엇인가요?,금융 이해력 수준을 측정해 교육 방향을 수립하고 OECD 국가와 비교 자료로 활용하기 위함입니다​.,240902 (보도자료) 조간_2024년 전국민 금융이해력 조사를 실시합니다!.pdf,"2024년 전국민 금융이해력 조사의 주요 목적은 한국 성인의 금융이해력 수준을 측정하고, 이를 바탕으로 금융·경제교육 방향을 수립하며 OECD 국가 간 비교를 위한 기초자료로 활용하는 것입니다.","240902 (보도자료) 조간_2024년 전국민 금융이해력 조사를 실시합니다!, 240902 (보도자료) 조간_2024년 전국민 금융이해력 조사를 실시합니다!, 240902 (보도자료) 조간_2024년 전국민 금융이해력 조사를 실시합니다!, 240930 조간 (보도자료) 여신거래 안심차단 시행(8.23.) 이후, 241002_1100 (보도자료) 전북도 도민 금융교육을 적극 지원하겠습니다_F"
75,금감원과 수도방위사령부 간 업무협약의 주요 내용은 무엇인가요?,"장병과 군인가족 대상 맞춤형 금융교육을 제공하고, 인사·재정병과 간부의 금융교육 강사 연수를 확대합니다​.",240830 (보도자료) 1500_수도방위사령부 장병들에 대한 금융교육을 적극 지원하겠습니다.pdf,금감원과 수도방위사령부 간 업무협약의 주요 내용은 군장병 및 군인가족의 금융이해력을 제고하고 건전한 금융습관 형성을 지원하기 위한 금융교육 활성화와 맞춤형 교육 강화이다.,"240830 (보도자료) 1500_수도방위사령부 장병들에 대한 금융교육을 적극 지원하겠습니다, 240830 (보도자료) 1500_수도방위사령부 장병들에 대한 금융교육을 적극 지원하겠습니다, 240830 (보도자료) 1500_수도방위사령부 장병들에 대한 금융교육을 적극 지원하겠습니다, 241007 1100 (보도자료) 금감원, 한국수자원공사와 감사업무협약 체결, 241002_1100 (보도자료) 전북도 도민 금융교육을 적극 지원하겠습니다_F"
76,비청산 장외파생거래 증거금 교환제도의 주요 목적은 무엇인가요?,거래당사자 간 증거금 교환을 통해 장외파생거래의 시스템 리스크를 체계적으로 관리하기 위함입니다​.,240829 비청산 장외파생거래 증거금 교환제도에 대한 가이드라인 연장(안).pdf,비청산 장외파생거래 증거금 교환제도의 주요 목적은 거래상대방의 미래 부도 위험을 관리하고 장외파생거래에 따른 시스템 리스크를 체계적으로 관리하기 위함입니다.,"240829 비청산 장외파생거래 증거금 교환제도에 대한 가이드라인 연장(안), 240829 비청산 장외파생거래 증거금 교환제도에 대한 가이드라인 연장(안), 240829 비청산 장외파생거래 증거금 교환제도에 대한 가이드라인 연장(안), 240829 비청산 장외파생거래 증거금 교환제도에 대한 가이드라인 연장(안), 240829 비청산 장외파생거래 증거금 교환제도에 대한 가이드라인 연장(안)"
77,교통사고처리지원금 특약의 보상 대상은 어떤 경우에 해당하나요?,교통사고로 피해자에게 형사합의금을 지급하여 발생한 경제적 손실을 보상합니다​.,240828 주요 분쟁사례로 알아보는 소비자 유의사항(교통사고처리지원금 특약 관련).pdf,교통사고처리지원금 특약의 보상 대상은 일반교통사고로 피해자에게 중상해(1~3급 부상) 또는 사망을 입힌 경우에 해당합니다.,"240828 주요 분쟁사례로 알아보는 소비자 유의사항(교통사고처리지원금 특약 관련), 240828 주요 분쟁사례로 알아보는 소비자 유의사항(교통사고처리지원금 특약 관련), 240828 주요 분쟁사례로 알아보는 소비자 유의사항(교통사고처리지원금 특약 관련), 240828 주요 분쟁사례로 알아보는 소비자 유의사항(교통사고처리지원금 특약 관련), 240828 주요 분쟁사례로 알아보는 소비자 유의사항(교통사고처리지원금 특약 관련)"
78,감사인 지정제도 설명회의 주요 내용은 무엇인가요?,"주기적 지정제도의 요건, 자료 제출 방법, 지정기초자료 작성 요령을 안내하였습니다.",240828 (보도자료) 석간_감사인 지정제도 온라인 설명회 실시.pdf,"감사인 지정제도 설명회의 주요 내용은 감사인 지정 사유, 지정 기간, 지정 방법, 재지정 신청, 산업 전문성 제도 등을 포함하여, 특히 11개 업종 회사가 전문성을 갖춘 감사 인력을 지정받을 수 있는 내용이 상세히 설명됩니다.","240828 (보도자료) 석간_감사인 지정제도 온라인 설명회 실시, 240828 (보도자료) 석간_감사인 지정제도 온라인 설명회 실시, 241018 (보도자료) 조간_2025 사업연도 주기적 지정 등 감사인 지정결과 사전통지, 241018 (보도자료) 조간_2025 사업연도 주기적 지정 등 감사인 지정결과 사전통지, 241018 (보도자료) 조간_2025 사업연도 주기적 지정 등 감사인 지정결과 사전통지"
79,자동차 보험사기 피해자 구제 강화의 주요 내용은 무엇인가요?,"고지기한 단축, 고지 방법 표준화, 부당 할증보험료 환급 절차 표준화를 시행하였습니다​.",240827 자동차 보험사기로 인한 부당 할증보험료 환급제도 법정화.pdf,"자동차 보험사기 피해자 구제 강화의 주요 내용은 피해사실 고지의무 법정화, 고지기한 단축, 환급절차 표준화 및 신속한 피해구제를 위한 세부절차 마련이다.","240827 자동차 보험사기로 인한 부당 할증보험료 환급제도 법정화, 240827 자동차 보험사기로 인한 부당 할증보험료 환급제도 법정화, 240827 자동차 보험사기로 인한 부당 할증보험료 환급제도 법정화, 241002 [별첨2] 보험사 내부통제 강화방안, 240828 주요 분쟁사례로 알아보는 소비자 유의사항(교통사고처리지원금 특약 관련)"
80,보험사기 방지를 위해 개정된 특별법의 주요 이행 방안은 무엇인가요?,보험사기 알선·광고 행위에 대해 경찰과 협력해 적극 수사 의뢰 및 광고 심의를 요청합니다​.,240827 (보도자료) 1500_보험사기 대응 강화를 위한 보험업계 임원 간담회 개최.pdf,"보험사기 방지를 위해 개정된 특별법의 주요 이행 방안은 보험사기 알선 및 광고 행위에 대한 처벌 강화, 금융당국의 조사 권한 확대, 피해자 구제를 위한 시스템 정비, 그리고 관련 기관과의 협력 체계 구축입니다.","240827 (보도자료) 1500_보험사기 대응 강화를 위한 보험업계 임원 간담회 개최, 241002 [별첨2] 보험사 내부통제 강화방안, 240813 「보험사기방지 특별법」 주요내용 집중 홍보기간 운영, 240827 (보도자료) 1500_보험사기 대응 강화를 위한 보험업계 임원 간담회 개최, 240813 「보험사기방지 특별법」 주요내용 집중 홍보기간 운영"
81,금융감독원이 이화여자대학교와 공동으로 개최한 국제 컨퍼런스의 주제는 무엇인가요?,"""Toward the era of Green Transition""입니다.","240827 (보도자료) 0900_금융감독원, 이화여대와 공동으로 「Toward the era of Green Transition」 국제 컨퍼런스 개최.pdf","금융감독원과 이화여자대학교가 공동으로 개최한 국제 컨퍼런스의 주제는 ""저탄소 전환을 위한 금융의 역할""입니다.","240812 이화여대와 공동으로 「Toward the era of Green Transition」 국제 컨퍼런스 청년 채용설명회 개최 예정, 240827 (보도자료) 0900_금융감독원, 이화여대와 공동으로 「Toward the era of Green Transition」 국제 컨퍼런스 개최, 240827 (보도자료) 0900_금융감독원, 이화여대와 공동으로 「Toward the era of Green Transition」 국제 컨퍼런스 개최, 240812 이화여대와 공동으로 「Toward the era of Green Transition」 국제 컨퍼런스 청년 채용설명회 개최 예정, 240827 (별첨1) 이복현 금융감독원장 개회사"
82,금융감독원이 두산로보틱스 증권신고서 정정을 요구한 주요 이유는 무엇인가요?,의사결정 과정 및 분할 신설부문의 수익가치 산정 근거의 보완이 미흡했기 때문입니다​.,240826_(보도참고) 두산로보틱스 증권신고서에 대한 정정요구 관련 설명.pdf,금융감독원이 두산로보틱스 증권신고서 정정을 요구한 주요 이유는 중요사항의 기재가 불분명하여 투자자의 합리적인 투자 판단을 저해하거나 중대한 오해를 일으킬 수 있기 때문입니다.,"241101(보도참고) 금융당국, 가상자산 불공정거래 척결에 나서겠습니다., 240826_(보도참고) 두산로보틱스 증권신고서에 대한 정정요구 관련 설명, 240923 24년 제2차 「불공정거래 조사심리기관 협의회」 개최, 241106 대부업계 「개인채무자보호법」 준비실태 사전 현장점검 결과, 240826_(보도참고) 두산로보틱스 증권신고서에 대한 정정요구 관련 설명"
83,금융감독원이 금융소비자를 위해 개편한 홈페이지의 주요 개선점 중 하나는 무엇인가요?,오픈 API 서비스 통합과 유형별 분류를 통해 금융정보 접근성을 개선한 점입니다​.,"240826 (보도자료)_석간_금융소비자도 금융업계 종사자도, 한눈에 쏘옥.pdf",금융감독원이 개편한 홈페이지의 주요 개선점 중 하나는 금융소비자가 필요한 정보를 쉽고 빠르게 찾을 수 있도록 접근성과 편리성을 대폭 개선한 것입니다.,"240826 (보도자료)_석간_금융소비자도 금융업계 종사자도, 한눈에 쏘옥, 240826 (보도자료)_석간_금융소비자도 금융업계 종사자도, 한눈에 쏘옥, 240826 (보도자료)_석간_금융소비자도 금융업계 종사자도, 한눈에 쏘옥, 240719 (보도자료) 조간_금융소비자의 상속 금융재산 인출이 편리해집니다., 240826 (보도자료)_석간_금융소비자도 금융업계 종사자도, 한눈에 쏘옥"
84,비대면 환전 서비스 이용 시 주의해야 할 점은 무엇인가요?,외화를 수령하려면 신청인 본인이 지정된 환전소에서 본인의 신분증을 지참해야 합니다​.,240826 (보도자료) 조간_주요 민원사례로 보는 소비자 유의사항.pdf,"비대면 환전 서비스를 이용할 때는 신청인 본인이 외화 수령을 위해 신분증을 지참하고 출국장 환전소를 방문해야 하며, 미성년자의 경우 추가 서류가 필요하다는 점에 유의해야 합니다.","240826 (보도자료) 조간_주요 민원사례로 보는 소비자 유의사항, 240826 (보도자료) 조간_주요 민원사례로 보는 소비자 유의사항, 240826 (보도자료) 조간_주요 민원사례로 보는 소비자 유의사항, 241106 (보도참고) 배포시_금융감독원은 제7기 옴부즈만을 신규로 위촉하였습니다, 240927 실시간 시세 조회가 가능한 주거용 오피스텔 및 빌라 담보대출도 갈아타기"
85,2024년 6월 말 기준 보험회사의 대출채권 연체율은 얼마였나요?,0.55%입니다.,240826 (보도자료) 24.6월말 보험회사 대출채권 현황.pdf,2024년 6월 말 기준 보험회사의 대출채권 연체율은 0.55%입니다.,"240826 (보도자료) 24.6월말 보험회사 대출채권 현황, 240826 (보도자료) 24.6월말 보험회사 대출채권 현황, 240826 (보도자료) 24.6월말 보험회사 대출채권 현황, 241017 (보도자료) 석간_24.6월말 기준 보험회사 지급여력비율 현황, 241017 (보도자료) 석간_24.6월말 기준 보험회사 지급여력비율 현황"
86,특별이익 제공 금지와 관련된 법적 처벌은 무엇인가요?,3년 이하의 징역 또는 3천만 원 이하의 벌금입니다.,240823 GA 영업질서 확립 - ④ 특별이익 제공 금지 위반사례.pdf,"특별이익 제공 금지 위반에 대해서는 등록취소 및 6개월 이내 업무정지 등의 제재가 부과되며, 금품 제공을 요구하거나 수수한 계약자 및 피보험자는 3년 이하의 징역 또는 3천만원 이하의 벌금에 처해질 수 있습니다.","240823 GA 영업질서 확립 - ④ 특별이익 제공 금지 위반사례, 240823 GA 영업질서 확립 - ④ 특별이익 제공 금지 위반사례, 240823 GA 영업질서 확립 - ④ 특별이익 제공 금지 위반사례, 240823 GA 영업질서 확립 - ④ 특별이익 제공 금지 위반사례, 240823 GA 영업질서 확립 - ④ 특별이익 제공 금지 위반사례"
87,리테일풀 수수료 체계 개편의 주요 목적은 무엇인가요?,리테일풀에 대한 명확한 수수료 배분 기준 마련과 수수료 지급 기준의 충실한 안내입니다​.,240823 (보도자료) 조간_리테일풀 수수료 체계 개편.pdf,"리테일풀 수수료 체계 개편의 주요 목적은 리테일풀에 대한 명확한 수수료 배분 기준을 마련하고, 투자자에게 수수료 지급기준을 충실히 안내하며, 증권사별 수수료율 비교공시를 도입하여 투자자 편의를 제고하는 것입니다.","240823 (보도자료) 조간_리테일풀 수수료 체계 개편, 240823 (보도자료) 조간_리테일풀 수수료 체계 개편, 240823 (보도자료) 조간_리테일풀 수수료 체계 개편, 240823 (보도자료) 조간_리테일풀 수수료 체계 개편, 240823 (보도자료) 조간_리테일풀 수수료 체계 개편"
88,제12기 FSS 대학생 금융교육 봉사단의 주요 활동 대상은 누구인가요?,"초·중·고등학교 및 청소년, 어르신 등 다양한 계층입니다.",240823 (보도자료) 석간_금융감독원 제12기 FSS 대학생 금융교육 봉사단 출범.pdf,"제12기 FSS 대학생 금융교육 봉사단의 주요 활동 대상은 초‧중‧고등학교 학생들과 청소년 수련시설, 그리고 어르신들입니다.","240823 (보도자료) 석간_금융감독원 제12기 FSS 대학생 금융교육 봉사단 출범, 240823 (보도자료) 석간_금융감독원 제12기 FSS 대학생 금융교육 봉사단 출범, 240823 (보도자료) 석간_금융감독원 제12기 FSS 대학생 금융교육 봉사단 출범, 240823 (보도자료) 석간_금융감독원 제12기 FSS 대학생 금융교육 봉사단 출범, 240823 (보도자료) 석간_금융감독원 제12기 FSS 대학생 금융교육 봉사단 출범"
89,가상자산 이상거래 상시감시 업무의 주요 내용은 무엇인가요?,"이상거래를 감지, 적출하여 심리 및 적절한 조치를 집행하는 것입니다​.",240822 가상자산사업자의 이상거래 상시감시업무에 대한 현장점검 실시.pdf,"가상자산 이상거래 상시감시는 가격이나 거래량의 비정상적 변동을 감시하고, 불공정 거래 의심 시 금융당국에 통보하는 업무를 포함합니다.","241002 [별첨2] 보험사 내부통제 강화방안, 240717(보도자료) 내일(7.19일)부터 가상자산이용자보호법이 시행됩니다., 240717(보도자료) 내일(7.19일)부터 가상자산이용자보호법이 시행됩니다., 240822 가상자산사업자의 이상거래 상시감시업무에 대한 현장점검 실시, 241101(보도참고) 금융당국, 가상자산 불공정거래 척결에 나서겠습니다."
90,가상자산사업자 사칭 사기에서 피해를 예방하려면 어떻게 해야 하나요?,"가상자산사업자의 공식 홈페이지에서 출금 절차를 확인하고, 검증되지 않은 사이트는 이용하지 말아야 합니다.",240822 (영업종료로 인한 가상자산소각 가상자산사업자 사칭 사기를 의심하세요!.pdf,"가상자산사업자 사칭 사기를 예방하려면, 공식 홈페이지를 확인하고, 의심스러운 링크는 클릭하지 않으며, 사칭 사이트를 발견할 경우 한국인터넷진흥원에 신고해야 합니다.","240717(보도자료) 내일(7.19일)부터 가상자산이용자보호법이 시행됩니다., 240822 (영업종료로 인한 가상자산소각 가상자산사업자 사칭 사기를 의심하세요!, 240717(보도자료) 내일(7.19일)부터 가상자산이용자보호법이 시행됩니다., 240822 (영업종료로 인한 가상자산소각 가상자산사업자 사칭 사기를 의심하세요!, 240904 (보도자료) 조간_2024년 하반기 가상자산사업자 검사업무 운영계획"
91,보이스피싱 피해를 방지하기 위해 금융당국이 강조한 핵심 행동 수칙은 무엇인가요?,"출처가 불분명한 메시지나 전화에 응답하지 말고, 금융거래 정보는 절대 타인과 공유하지 말아야 합니다​.",240822 (보도자료) 배포시_보이스피싱 피해예방을 위해 꼭 알아두세요!!!.pdf,"금융당국이 강조한 보이스피싱 피해를 방지하기 위한 핵심 행동 수칙은 수상한 문자메시지를 삭제하고 전화를 바로 끊는 것, 알 수 없는 출처의 앱 설치를 차단하는 것, 대부광고에 개인 연락처를 함부로 남기지 않는 것, 그리고 금융회사가 대환대출 시 기존 대출을 먼저 상환하라고 요구하지 않는다는 점입니다.","240822 (보도자료) 배포시_보이스피싱 피해예방을 위해 꼭 알아두세요!!!, 240820 간편송금을 활용한 보이스피싱 피해를 신속히 차단할 수 있게 되었습니다, 240822 (보도자료) 배포시_보이스피싱 피해예방을 위해 꼭 알아두세요!!!, 240820 간편송금을 활용한 보이스피싱 피해를 신속히 차단할 수 있게 되었습니다, 240813 금융분야 망분리 규제 개선 로드맵 보도자료"
92,금융당국이 '찾아가는 금융규제 샌드박스' 간담회에서 강조한 주요 내용은 무엇인가요?,금융당국은 핀테크 기업의 애로사항 청취와 규제특례를 통해 혁신금융서비스의 지원을 강화하는 내용을 강조했습니다.,"240821 올해 여덟 번째 핀테크 육성공간 방문, 핀테크 기업들과 직접 소통.pdf",금융당국은 '찾아가는 금융규제 샌드박스' 간담회에서 중소 핀테크 기업들의 규제 관련 애로사항을 청취하고 답변을 제공하는 소통의 중요성을 강조했습니다.,"241028 (보도자료) 금융당국이 올해 열 번째로 중소 핀테크 기업들과 소통했습니다, 240924 아홉 번째로 핀테크 육성공간에서 중소 핀테크 기업들과 소통, [별첨] 금융분야 망분리 규제 개선 로드맵, 240724 24년 제7회 「찾아가는 금융규제 샌드박스」 간담회 개최, 240924 아홉 번째로 핀테크 육성공간에서 중소 핀테크 기업들과 소통"
93,간편송금을 악용한 보이스피싱 피해를 방지하기 위해 개정된 법의 주요 내용은 무엇인가요?,금융회사와 선불업자 간 정보 공유를 통해 신속한 지급정지와 보이스피싱 탐지 기능을 강화하는 내용을 포함합니다.,240820 간편송금을 활용한 보이스피싱 피해를 신속히 차단할 수 있게 되었습니다.pdf,간편송금을 악용한 보이스피싱 피해를 방지하기 위해 개정된 법의 주요 내용은 금융회사와 선불업자 간의 정보공유를 의무화하여 피해금의 흐름을 신속하게 파악하고 지급정지 절차를 진행할 수 있도록 한 것이다.,"240820 간편송금을 활용한 보이스피싱 피해를 신속히 차단할 수 있게 되었습니다, 240822 (보도자료) 배포시_보이스피싱 피해예방을 위해 꼭 알아두세요!!!, 240807 (보도자료) 석간_주요 분쟁사례로 알아보는 소비자유의사항 - 누수 사고 보상 관련 -, 240820 간편송금을 활용한 보이스피싱 피해를 신속히 차단할 수 있게 되었습니다, 240820 간편송금을 활용한 보이스피싱 피해를 신속히 차단할 수 있게 되었습니다"
94,개인 채권 투자 시 유의해야 할 점은 무엇인가요?,채권의 만기와 시장금리 변동에 따라 원금 손실이 발생할 수 있음을 유의해야 합니다​.,240819 (보도자료) 조간_금리 변동기 채권 투자 관련 유의사항 안내.pdf,"개인 채권 투자 시 유의해야 할 점은 원금 손실 가능성, 시장금리에 따른 채권가격 변동, 장기채 투자 시 가격 변동 위험 확대, 해외채권의 환율 변동 위험, 그리고 장외채권의 중도 매도 어려움 등이 있습니다.","240819 (보도자료) 조간_금리 변동기 채권 투자 관련 유의사항 안내, 240819 (보도자료) 조간_금리 변동기 채권 투자 관련 유의사항 안내, 240826 (보도자료) 조간_주요 민원사례로 보는 소비자 유의사항, 240819 (보도자료) 조간_금리 변동기 채권 투자 관련 유의사항 안내, 240807_(보도자료) 이복현 금융감독원장-자산운용사 CEO간담회 개최_CI"
95,자본시장법 시행으로 유사투자자문업자에게 적용되는 주요 규제는 무엇인가요?,"유사투자자문업자는 단방향 채널을 통한 조언만 허용되고, 개별 상담은 금지됩니다​.",240814(보도자료) 오늘(8.14일)부터 자본시장법이 시행됩니다.pdf,"자본시장법 시행으로 유사투자자문업자에게 적용되는 주요 규제는 유료 영업을 등록된 투자자문업자에게만 허용하고, 불건전 영업행위를 금지하며, 광고에서 사실과 다른 수익률 제시를 금지하는 것입니다.","240723 (보도자료) 조간_유사투자자문업 법률 개정 관련 유의사항 안내, 240723 (보도자료) 조간_유사투자자문업 법률 개정 관련 유의사항 안내, 240723 (보도자료) 조간_유사투자자문업 법률 개정 관련 유의사항 안내, 240723 (보도자료) 조간_유사투자자문업 법률 개정 관련 유의사항 안내, 240814(보도자료) 오늘(8.14일)부터 자본시장법이 시행됩니다"
96,합동세미나의 주요 논의 내용은 무엇인가요?,의료분야 보험사기 대응 강화와 관련 법 개정 방향 등이 논의되었습니다.,240813_(보도자료)_금감원-경찰청-국민건강보험공단 합동세미나 개최.pdf,"합동세미나의 주요 논의 내용은 기업지배구조 개선, 이사의 충실의무 확대, 자산운용사의 역할 강화, 그리고 밸류업 프로그램을 통한 기업 가치 제고와 관련된 정책 제언 및 실행 방안에 대한 논의이다.","240807_(보도자료) 이복현 금융감독원장-자산운용사 CEO간담회 개최_CI, 240731 주요 대출비교플랫폼이 대환대출 상품 중개수수료율을 투명하게 공시합니다, 240807_(보도자료) 이복현 금융감독원장-자산운용사 CEO간담회 개최_CI, 240807_(보도자료) 이복현 금융감독원장-자산운용사 CEO간담회 개최_CI, 240821 이복현 금융감독원장, 「기업지배구조 개선 관련 학계 간담회」 개최"
97,금융분야 망분리 개선 로드맵에서 제시된 주요 방향은 무엇인가요?,클라우드 서비스(SaaS) 이용 확대와 생성형 AI 활용 허용 등을 통해 보안 규제를 개선하고 혁신을 지원합니다.,240813 금융분야 망분리 규제 개선 로드맵 보도자료.pdf,금융분야 망분리 개선 로드맵의 주요 방향은 클라우드와 생성형 AI 등 급변하는 IT 환경에 대응하기 위한 효과적인 망분리 개선 방안 마련과 글로벌 스탠다드에 맞춘 규제 개선이다.,"[별첨] 금융분야 망분리 규제 개선 로드맵, 240813 금융분야 망분리 규제 개선 로드맵 보도자료, (보도참고) 전 금융업권 대상 금융분야 망분리 개선 로드맵 설명회 개최_F, 240813 금융분야 망분리 규제 개선 로드맵 보도자료, 240813 금융분야 망분리 규제 개선 로드맵 보도자료"
98,대리운전자보험 개선의 주요 내용은 무엇인가요?,사고건수별 할인·할증제를 도입하여 다사고 운전자도 합리적으로 보험에 가입할 수 있게 했습니다​.,240812 대리운전자보험의 보험료 부과체계를 합리적으로 개선합니다.pdf,"대리운전자보험 개선의 주요 내용은 할인·할증제도 도입과 무사고 보험료 환급 등 소비자 혜택 강화를 포함하며, 관련 법령 개정도 예정되어 있습니다.","240925(보도자료) 「신뢰회복」과 「혁신」을 위한 3차 「보험개혁회의」 개최, 240808 (보도자료) 1500_보험산업이 신뢰받는 국민동반산업으로 변모해 나갑니다, (별첨5)부위원장 모두말씀, (별첨3)국민체감형 상품 개선방안, 240813_(보도자료)_금감원-경찰청-국민건강보험공단 합동세미나 개최"
99,정산지연 피해를 입은 기업에 대한 지원 내용은 무엇인가요?,"만기연장, 상환유예, 긴급경영안정자금 지원 등 유동성 공급 방안이 포함됩니다​.",240806 (보도자료) 조간_위메프-티몬 정산지연 피해판매자 지원방안 시행.pdf,"정산지연 피해를 입은 기업에 대한 지원 내용은 기존 대출·보증에 대해 최대 1년 만기연장을 지원하며, 금융권의 모든 대출과 정책금융기관의 대출이 포함됩니다.","240801 (붙임1) 티메프 피해기업 지원방안, 240807 (경장) 위메프 티몬 사태 추가 대응방안 및 제도개선방향, 240807 (경장) 위메프 티몬 사태 추가 대응방안 및 제도개선방향, (금감원) 240729 티몬 위메프 판매대금 정산지연 피해업체 등에 대한 금융지원 방안, 위메프 티몬 사태 미정산 피해 현황점검, e커머스 제도개선 방안 조만간 마련"
100,부동산PF 연착륙 대책의 주요 목표는 무엇인가요?,부동산PF 사업장의 재구조화 및 신디케이트론을 통한 자금 지원으로 연착륙을 유도하는 것입니다​.,240731(보도참고) 제3차 부동산PF 연착륙 대책 점검회의 개최.pdf,"부동산PF 연착륙 대책의 주요 목표는 정상 사업장에 신규 자금을 원활히 공급하고, 사업성이 부족한 사업장은 신속한 재구조화를 유도하는 것입니다.","240731(보도참고) 제3차 부동산PF 연착륙 대책 점검회의 개최, [보도자료] 제4차 연착륙 방안 점검회의 개최, [보도자료] 제4차 연착륙 방안 점검회의 개최, [보도자료] 제4차 연착륙 방안 점검회의 개최, 240801(보도자료) 금융시장 안정을 위해 관계기관 공조 강화"
